Countries,"Agricultural machinery, tractors",Fertilizer consumption (% of fertilizer production),Fertilizer consumption (kilograms per hectare of arable land),Agricultural land (sq. km),Agricultural land (% of land area),Arable land (hectares),Arable land (hectares per person),Arable land (% of land area),Land under cereal production (hectares),Permanent cropland (% of land area),Rural land area where elevation is below 5 meters (sq. km),Rural land area where elevation is below 5 meters (% of total land area),Forest area (sq. km),Forest area (% of land area),Agricultural irrigated land (% of total agricultural land),Average precipitation in depth (mm per year),Land area (sq. km),Rural land area (sq. km),"Agricultural machinery, tractors per 100 sq. km of arable land",Cereal production (metric tons),Crop production index (2014-2016 = 100),Food production index (2014-2016 = 100),Livestock production index (2014-2016 = 100),Surface area (sq. km),Cereal yield (kg per hectare),"Employment in agriculture, female (% of female employment) (modeled ILO estimate)","Employment in agriculture, male (% of male employment) (modeled ILO estimate)",Employment in agriculture (% of total employment) (modeled ILO estimate),Rural population,Rural population growth (annual %),Rural population (% of total population),Agricultural raw materials imports (% of merchandise imports),Agricultural raw materials exports (% of merchandise exports),"Access to electricity, rural (% of rural population)",Agricultural methane emissions (thousand metric tons of CO2 equivalent),Agricultural methane emissions (% of total),Agricultural nitrous oxide emissions (thousand metric tons of CO2 equivalent),Agricultural nitrous oxide emissions (% of total),Rural population living in areas where elevation is below 5 meters (% of total population),"Annual freshwater withdrawals, agriculture (% of total freshwater withdrawal)","Agriculture, forestry, and fishing, value added (current US$)","Agriculture, forestry, and fishing, value added (% of GDP)"
&nbsp;,..,650.3,23.2,"6,532,568.3",44.1,..,0.2,8.2,"54,505,288.0",0.8,..,..,"4,544,314.8",30.7,..,..,"14,807,043.2",..,..,"88,455,161.0",..,..,..,"15,121,157.4","1,622.9",62.4,57.0,59.5,"412,813,896.0",1.9,64.2,1.1,2.0,26.8,"343,700.0",..,"246,400.0",..,..,..,"121,417,555,837.0",11.9
&nbsp;,..,184.4,15.9,"3,614,109.8",40.0,..,0.2,11.2,"57,302,030.0",2.0,..,..,"1,807,898.6",20.0,..,..,"9,045,780.0",..,..,"73,122,427.0",..,..,..,"9,166,270.0","1,276.1",36.4,47.3,42.3,"232,268,264.0",1.5,53.4,0.9,4.2,28.1,"208,280.0",..,"132,810.0",..,..,..,"155,246,486,010.3",21.0
Le monde arabe,..,14.3,59.1,"4,780,957.2",36.6,..,0.1,4.5,"28,905,960.0",0.7,..,..,"372,634.1",2.8,..,..,"13,081,763.7",..,..,"58,142,520.0",..,..,..,"13,142,337.3","2,011.5",24.0,18.1,19.2,"172,447,508.0",1.2,41.1,0.9,0.2,78.0,"122,480.0",..,"86,540.0",..,..,..,"121,475,025,335.7",4.7
Petits états des Caraïbes,..,11.4,100.5,"20,948.5",5.2,..,0.1,1.9,"255,412.0",0.6,..,..,"364,223.4",90.0,..,..,"404,850.0",..,..,"1,350,154.0",..,..,..,"434,990.0","5,286.2",5.7,15.4,11.2,"3,591,207.0",0.3,48.8,..,..,95.9,"2,480.0",..,"1,920.0",..,..,..,"3,204,069,960.7",4.4
Europe centrale et les pays baltes,..,81.7,133.7,"516,490.0",46.7,..,0.4,32.9,"22,192,543.0",1.2,..,..,"381,258.0",34.5,..,..,"1,106,266.4",..,..,"104,992,811.0",..,..,..,"1,166,770.0","4,731.0",8.4,10.8,9.7,"38,622,475.0",-0.4,37.7,1.5,1.6,100.0,"37,210.0",..,"46,720.0",..,..,..,"45,647,509,125.5",2.8
de dividende précoce démographique,..,121.1,134.5,"13,737,723.2",41.2,..,0.1,13.1,"253,693,363.0",2.2,..,..,"7,632,988.4",22.9,..,..,"33,317,702.4",..,..,"896,865,652.0",..,..,..,"34,144,822.6","3,535.2",38.2,34.0,35.2,"1,782,399,464.0",0.6,54.9,1.6,1.3,84.7,"1,446,930.0",..,"746,630.0",..,..,..,"1,157,510,812,066.8",9.6
Asie de l’Est et Pacifique,..,108.5,293.5,"11,620,114.9",47.4,..,0.1,9.6,"183,896,480.0",2.8,..,..,"6,625,321.5",27.1,..,..,"24,502,428.8",..,..,"943,412,285.0",..,..,..,"24,868,162.0","5,130.1",22.9,27.6,25.6,"957,436,170.0",-1.5,40.9,2.1,1.0,96.3,"846,920.0",..,"629,270.0",..,..,..,"1,426,393,703,078.0",5.2
Asie de l’Est et Pacifique (hors revenu élevé),..,103.5,..,"7,855,115.0",49.0,..,0.1,12.3,"164,201,316.0",4.1,..,..,"4,859,526.8",30.3,..,..,"16,019,326.9",..,..,"890,301,619.0",..,..,..,"16,313,236.1","5,422.0",25.2,30.3,28.1,"927,657,421.0",-1.5,44.3,3.1,1.1,96.2,"707,780.0",..,"530,700.0",..,..,..,"1,285,155,292,390.4",7.8
Asie de l’Est et Pacifique (BIRD et IDA),..,103.5,321.9,"7,828,813.0",49.2,..,0.1,12.2,"163,019,640.0",4.2,..,..,"4,799,041.9",30.2,..,..,"15,899,196.9",..,..,"886,089,780.0",..,..,..,"16,192,976.1","5,435.5",24.9,30.2,27.9,"917,919,236.0",-1.5,44.4,3.1,1.1,96.6,"704,200.0",..,"529,370.0",..,..,..,"1,281,213,357,776.7",7.8
Zone euro,..,80.5,168.2,"1,148,507.3",42.8,..,0.2,23.6,"30,933,280.0",4.0,..,..,"1,033,420.0",38.5,..,..,"2,682,452.5",..,..,"170,582,565.0",..,..,..,"2,760,428.9","5,514.5",1.9,4.0,3.0,"78,678,852.0",-0.7,23.0,1.4,1.3,100.0,"175,410.0",..,"126,430.0",..,..,..,"207,027,740,824.4",1.5
Europe et Asie centrale,..,48.7,80.9,"7,990,362.9",29.1,..,0.4,12.3,"149,469,982.0",0.7,..,..,"10,562,170.5",38.5,..,..,"27,447,886.7",..,..,"573,004,673.0",..,..,..,"28,724,765.8","3,833.6",7.1,9.1,8.2,"254,610,649.0",-0.3,27.8,1.4,1.3,100.0,"411,580.0",..,"344,680.0",..,..,..,"451,953,265,203.5",2.0
Europe et Asie centrale (hors revenu élevé),..,29.5,45.2,"6,316,987.8",27.9,..,0.6,10.6,"100,682,657.0",0.4,..,..,"8,914,683.0",39.4,..,..,"22,626,524.3",..,..,"317,634,568.0",..,..,..,"23,475,136.0","3,154.8",13.7,15.2,14.6,"136,996,849.0",-0.1,33.0,1.7,1.6,100.0,"170,840.0",..,"154,740.0",..,..,..,"175,834,586,577.5",5.3
Europe et Asie centrale (BIRD et IDA),..,32.4,51.6,"6,476,947.8",28.2,..,0.5,10.9,"108,954,156.0",0.4,..,..,"9,028,614.1",39.3,..,..,"22,989,284.3",..,..,"347,659,197.0",..,..,..,"23,875,896.0","3,190.9",13.1,14.8,14.0,"153,924,663.0",-0.1,33.7,1.6,1.6,100.0,"186,990.0",..,"173,530.0",..,..,..,"191,411,504,140.3",4.9
Union européenne,..,86.8,154.8,"1,637,507.3",40.9,..,0.2,24.7,"52,333,226.0",3.0,..,..,"1,588,671.1",39.7,..,..,"3,999,622.5",..,..,"274,220,933.0",..,..,..,"4,172,838.9","5,239.9",3.3,5.5,4.5,"113,888,731.0",-0.7,25.5,1.4,1.4,100.0,"216,400.0",..,"173,170.0",..,..,..,"257,129,064,532.1",1.6
Fragile et les situations de conflit touchées,..,198.4,21.7,"6,680,776.5",33.5,..,0.2,9.2,"92,733,074.0",1.0,..,..,"4,678,697.0",23.5,..,..,"19,947,735.2",..,..,"141,457,157.0",..,..,..,"20,228,084.4","1,525.4",49.8,48.6,49.1,"516,335,956.0",1.5,58.2,..,..,34.5,"477,260.0",..,"294,640.0",..,..,..,"264,118,391,006.7",16.8
Pays pauvres très endettés (PPTE),..,"1,511.1",16.4,"7,360,558.3",38.0,..,0.2,8.9,"86,890,230.0",1.2,..,..,"5,324,413.3",27.5,..,..,"19,357,325.1",..,..,"121,458,718.0",..,..,..,"19,773,860.8","1,397.9",58.6,57.1,57.8,"499,284,502.0",2.0,64.0,1.1,4.6,28.3,"450,790.0",..,"288,760.0",..,..,..,"167,410,522,170.6",21.8
Revenu élevé,..,68.5,141.8,"12,141,651.2",34.7,..,0.3,9.7,"138,814,914.0",0.5,..,..,"10,208,665.8",29.2,..,..,"34,946,338.3",..,..,"843,269,914.0",..,..,..,"37,095,235.6","6,074.8",1.9,3.5,2.8,"224,517,754.0",-0.5,18.6,1.1,1.4,100.0,"636,990.0",..,"525,690.0",..,..,..,"682,137,768,969.8",1.2
BIRD seulement,..,94.7,166.7,"26,223,178.0",36.9,..,0.2,11.1,"441,471,588.0",1.6,..,..,"24,136,296.7",34.0,..,..,"71,071,078.2",..,..,"1,827,998,653.0",..,..,..,"73,017,747.1","4,140.7",24.2,29.1,27.3,"2,153,165,906.0",-0.5,45.0,2.2,1.4,95.6,"2,028,730.0",..,"1,299,360.0",..,..,..,"2,289,603,110,658.0",7.2
BIRD et IDA,..,99.6,136.3,"36,180,228.8",37.7,..,0.2,11.2,"597,548,086.0",1.6,..,..,"30,614,171.7",31.9,..,..,"96,060,596.4",..,..,"2,153,714,248.0",..,..,..,"98,551,278.5","3,604.3",31.5,32.7,32.2,"3,181,519,467.0",0.1,49.6,2.2,1.5,79.8,"2,906,080.0",..,"1,797,760.0",..,..,..,"2,729,298,643,743.4",8.2
IDA mélange,..,122.7,79.8,"1,973,337.5",45.0,..,0.2,19.6,"40,954,769.0",2.5,..,..,"1,311,097.8",29.9,..,..,"4,384,525.0",..,..,"90,910,132.0",..,..,..,"4,459,474.0","2,219.8",44.2,37.5,39.8,"317,240,841.0",1.5,57.8,2.2,2.5,48.2,"244,250.0",..,"132,440.0",..,..,..,"203,676,543,883.4",21.2
IDA seulement,..,"1,092.7",32.4,"7,983,713.3",38.7,..,0.2,9.8,"115,121,729.0",1.3,..,..,"5,166,777.3",25.1,..,..,"20,604,993.2",..,..,"234,805,463.0",..,..,..,"21,074,057.4","2,039.6",58.5,50.2,53.7,"711,112,720.0",1.5,65.7,1.2,4.5,44.5,"633,100.0",..,"365,960.0",..,..,..,"236,810,994,273.2",19.9
IDA totale,..,209.0,47.5,"9,957,050.8",39.8,..,0.2,11.5,"156,076,498.0",1.5,..,..,"6,477,875.1",25.9,..,..,"24,989,518.2",..,..,"325,715,595.0",..,..,..,"25,533,531.4","2,086.9",54.6,46.0,49.4,"1,028,353,561.0",1.5,63.0,1.6,3.5,45.7,"877,350.0",..,"498,400.0",..,..,..,"440,358,705,574.4",20.6
de dividende tardif démographique,..,81.9,199.2,"15,519,655.0",34.8,..,0.2,9.2,"231,294,472.0",1.2,..,..,"17,587,197.9",39.5,..,..,"44,558,553.2",..,..,"1,057,472,478.0",..,..,..,"45,821,803.8","4,572.0",20.6,25.3,23.3,"863,128,249.0",-1.7,37.6,2.3,1.3,99.3,"1,001,930.0",..,"725,370.0",..,..,..,"1,361,307,351,467.6",5.9
Amérique latine et Caraïbes,..,388.1,171.2,"7,124,884.7",35.6,..,0.2,7.7,"57,262,004.0",1.2,..,..,"9,369,198.6",46.8,..,..,"20,038,977.0",..,..,"250,447,725.0",..,..,..,"20,425,979.0","4,373.7",7.2,18.3,13.8,"124,086,532.0",-0.3,19.4,1.0,2.5,90.6,"680,840.0",..,"344,890.0",..,..,..,"309,725,953,335.9",4.6
Amérique latine et Caraïbes (hors revenu élevé),..,594.1,169.4,"6,610,009.7",36.3,..,0.3,8.2,"55,526,189.0",1.3,..,..,"8,693,197.8",47.7,..,..,"18,210,837.0",..,..,"241,544,781.0",..,..,..,"18,549,577.0","4,350.1",7.7,19.0,14.3,"116,862,647.0",-0.3,20.0,1.0,1.9,90.1,"628,850.0",..,"319,610.0",..,..,..,"235,694,187,282.9",4.7
Amérique latine et Caraïbes (BIRD et IDA),..,388.2,173.8,"7,059,788.7",35.5,..,0.2,7.6,"56,979,279.0",1.2,..,..,"9,326,176.9",46.8,..,..,"19,913,469.0",..,..,"249,634,212.0",..,..,..,"20,290,497.0","4,381.1",7.3,18.3,13.8,"120,915,107.0",-0.3,19.4,1.0,2.5,90.4,"673,320.0",..,"341,660.0",..,..,..,"304,996,401,326.5",4.7
Pays les moins avancés: classement de l’ONU,..,989.6,31.6,"7,807,096.3",38.3,..,0.2,9.2,"111,755,783.0",0.8,..,..,"5,433,740.2",26.7,..,..,"20,372,993.2",..,..,"223,302,819.0",..,..,..,"20,785,517.4","1,998.1",61.3,51.6,55.7,"670,758,437.0",1.6,66.4,1.2,3.3,41.9,"615,960.0",..,"361,740.0",..,..,..,"203,937,684,975.4",18.8
Revenu faible et intermédiaire,..,101.4,135.1,"35,596,776.3",37.8,..,0.2,11.3,"589,005,173.0",1.6,..,..,"29,927,510.8",31.8,..,..,"94,120,894.4",..,..,"2,119,812,027.0",..,..,..,"96,535,418.5","3,599.0",32.0,33.0,32.6,"3,171,324,559.0",0.1,49.8,2.2,1.4,79.6,"2,849,040.0",..,"1,758,250.0",..,..,..,"2,649,426,313,493.0",8.3
Faible revenu,..,"8,893.4",11.7,"5,827,777.4",39.0,..,0.2,9.3,"71,321,379.0",0.8,..,..,"3,095,631.3",20.7,..,..,"14,953,572.2",..,..,"93,825,985.0",..,..,..,"15,233,956.4","1,315.6",64.3,57.2,60.3,"425,492,801.0",2.0,67.4,1.2,..,28.9,"374,030.0",..,"241,330.0",..,..,..,"109,088,358,630.8",24.2
"Revenu intermédiaire, tranche inférieure",..,122.4,128.9,"10,664,470.2",41.7,..,0.1,16.7,"263,872,372.0",3.3,..,..,"6,776,469.3",26.5,..,..,"25,599,745.0",..,..,"884,402,603.0",..,..,..,"26,403,313.2","3,351.6",42.7,36.8,38.6,"1,896,710,060.0",0.6,58.5,2.0,2.3,81.6,"1,336,520.0",..,"701,330.0",..,..,..,"1,101,424,205,746.6",14.8
Afrique du Nord et Moyen-Orient,..,14.2,76.5,"3,725,802.4",33.2,..,0.1,4.6,"26,212,113.0",0.9,..,..,"229,360.3",2.0,..,..,"11,223,349.0",..,..,"70,090,022.0",..,..,..,"11,385,550.9","2,674.0",16.3,15.0,15.2,"155,469,874.0",0.8,34.6,1.0,0.2,91.9,"70,460.0",..,"65,510.0",..,..,..,"145,684,143,836.9",4.7
Afrique du Nord et Moyen-Orient (hors revenu élevé),..,23.7,73.5,"1,962,513.2",22.7,..,0.1,5.6,"25,887,853.0",1.1,..,..,"214,917.6",2.5,..,..,"8,641,089.0",..,..,"68,400,106.0",..,..,..,"8,775,233.0","2,642.2",21.7,18.8,19.3,"147,088,308.0",0.8,38.4,1.9,..,91.4,"64,220.0",..,"59,060.0",..,..,..,"117,768,653,869.7",9.2
Afrique du Nord et Moyen-Orient (BIRD et IDA),..,23.7,73.5,"1,962,513.2",22.7,..,0.1,5.6,"25,887,853.0",1.1,..,..,"214,816.2",2.5,..,..,"8,635,069.0",..,..,"68,400,106.0",..,..,..,"8,769,213.0","2,642.2",21.8,18.9,19.4,"145,999,220.0",0.8,38.6,..,..,91.4,"64,220.0",..,"59,060.0",..,..,..,"116,570,481,337.7",9.2
Revenu intermédiaire,..,100.4,151.5,"29,768,998.9",37.6,..,0.2,11.7,"517,683,794.0",1.8,..,..,"26,831,879.6",33.9,..,..,"79,167,322.2",..,..,"2,025,986,042.0",..,..,..,"81,301,462.1","3,913.6",28.3,31.0,30.0,"2,745,831,758.0",-0.1,47.9,2.3,1.4,86.9,"2,475,010.0",..,"1,516,920.0",..,..,..,"2,539,962,235,214.5",8.1
Amérique du Nord,..,73.7,125.4,"4,640,096.5",25.6,..,0.5,10.8,"68,817,462.0",0.2,..,..,"6,567,980.7",36.3,..,..,"18,113,064.0",..,..,"526,046,940.0",..,..,..,"19,715,550.0","7,644.1",0.8,1.9,1.4,"64,884,216.0",-0.4,17.8,0.9,2.7,100.0,"226,420.0",..,"217,780.0",..,..,..,"221,624,619,695.7",0.9
Non classifié,..,..,..,..,..,..,..,..,..,..,..,..,..,..,..,..,..,..,..,..,..,..,..,..,..,..,..,..,..,..,..,..,..,..,..,..,..,..,..,..,..,..
Pays membres de l'OCDE,..,86.9,137.6,"12,171,277.9",34.3,..,0.3,10.6,"158,475,189.0",0.7,..,..,"11,630,163.6",32.8,..,..,"35,511,888.4",..,..,"908,356,026.0",..,..,..,"37,658,799.9","5,731.8",3.1,6.4,4.9,"263,528,461.0",-0.5,19.4,1.3,1.6,99.6,"739,590.0",..,"595,320.0",..,..,..,"748,552,549,599.0",1.4
Autres petits états,..,5.8,62.9,"785,545.3",38.7,..,0.1,2.1,"1,670,482.0",0.4,..,..,"587,984.7",28.9,..,..,"2,032,281.0",..,..,"2,304,356.0",..,..,..,"2,072,821.0","1,379.5",22.9,17.5,19.5,"11,652,625.0",0.7,37.9,1.0,0.9,56.8,"13,820.0",..,"10,480.0",..,..,..,"9,168,708,705.8",1.9
Petits états insulaires du Pacifique,..,..,..,"9,108.0",14.2,..,0.1,4.1,"6,007.0",6.2,..,..,"43,821.6",68.3,..,..,"64,200.0",..,..,"12,226.0",..,..,..,"65,150.0","2,035.3",29.1,33.6,31.8,"1,504,361.0",1.0,61.3,1.0,27.4,79.2,910.0,..,390.0,..,..,..,..,13.6
de Post-dividende démographique,..,76.5,129.8,"10,439,550.3",33.3,..,0.3,11.4,"145,927,930.0",0.5,..,..,"10,061,410.6",32.1,..,..,"31,348,558.3",..,..,"884,115,862.0",..,..,..,"33,466,906.8","6,058.6",2.2,3.9,3.1,"207,742,237.0",-0.6,18.7,1.2,1.5,100.0,"603,130.0",..,"512,920.0",..,..,..,"628,518,458,771.4",1.2
de Pré-dividende démographique,..,280.5,14.5,"8,244,282.8",40.7,..,0.2,9.7,"97,144,004.0",1.2,..,..,"5,315,324.2",26.2,..,..,"20,270,500.8",..,..,"124,343,081.0",..,..,..,"20,650,320.0","1,280.0",55.6,51.3,53.2,"540,409,884.0",1.8,58.8,1.1,3.4,28.9,"461,510.0",..,"311,330.0",..,..,..,"231,974,416,133.1",17.4
Petits états,..,6.9,68.3,"815,601.8",32.6,..,0.1,2.1,"1,931,901.0",0.6,..,..,"996,029.7",39.8,..,..,"2,501,331.0",..,..,"3,666,736.0",..,..,..,"2,572,961.0","1,898.0",19.6,18.0,18.6,"16,748,193.0",0.7,41.3,1.0,1.2,67.0,"17,210.0",..,"12,790.0",..,..,..,"14,044,220,192.8",2.5
Asie du Sud,..,159.3,170.1,"2,705,488.0",56.7,..,0.1,43.2,"130,899,840.0",3.4,..,..,"893,309.3",18.7,..,..,"4,770,754.0",..,..,"440,353,365.0",..,..,..,"5,135,269.0","3,364.1",57.8,38.2,42.6,"1,197,679,081.0",0.6,66.0,2.0,1.6,88.7,"725,370.0",..,"314,930.0",..,..,..,"558,198,565,328.7",16.3
Asie du Sud (BIRD et IDA),..,159.3,170.1,"2,705,488.0",56.7,..,0.1,43.2,"130,899,840.0",3.4,..,..,"893,309.3",18.7,..,..,"4,770,754.0",..,..,"440,353,365.0",..,..,..,"5,135,269.0","3,364.1",57.8,38.2,42.6,"1,197,679,081.0",0.6,66.0,2.0,1.6,88.7,"725,370.0",..,"314,930.0",..,..,..,"558,198,565,328.7",16.3
Afrique subsaharienne,..,341.8,20.0,"10,146,678.1",42.5,..,0.2,9.4,"111,807,318.0",1.3,..,..,"6,352,213.4",26.6,..,..,"23,852,823.2",..,..,"161,577,588.0",..,..,..,"24,287,427.4","1,445.2",53.3,53.4,53.3,"645,082,160.0",1.8,59.8,1.0,2.8,27.3,"551,980.0",..,"379,210.0",..,..,..,"276,687,755,110.9",16.1
Afrique subsaharienne (hors revenu élevé),..,341.8,20.0,"10,146,662.6",42.5,..,0.2,9.4,"111,807,318.0",1.3,..,..,"6,351,876.4",26.6,..,..,"23,852,363.2",..,..,"161,577,588.0",..,..,..,"24,286,967.4","1,445.2",53.3,53.4,53.3,"645,040,253.0",1.8,59.8,1.0,2.8,27.3,"551,980.0",..,"379,210.0",..,..,..,"276,656,285,672.4",16.1
Afrique subsaharienne (BIRD et IDA),..,341.8,20.0,"10,146,678.1",42.5,..,0.2,9.4,"111,807,318.0",1.3,..,..,"6,352,213.4",26.6,..,..,"23,852,823.2",..,..,"161,577,588.0",..,..,..,"24,287,427.4","1,445.2",53.3,53.4,53.3,"645,082,160.0",1.8,59.8,1.0,2.8,27.3,"551,980.0",..,"379,210.0",..,..,..,"276,687,755,110.9",16.1
"Revenu intermédiaire, tranche supérieure",..,90.0,170.6,"19,104,528.7",35.7,..,0.2,9.3,"253,811,422.0",1.1,..,..,"20,055,410.3",37.4,..,..,"53,567,577.2",..,..,"1,141,583,439.0",..,..,..,"54,898,148.9","4,497.8",18.3,24.1,21.6,"849,121,698.0",-1.7,34.0,2.4,1.2,98.8,"1,138,490.0",..,"815,590.0",..,..,..,"1,438,543,719,015.3",5.9
Monde,..,90.4,136.8,"47,953,427.5",36.9,..,0.2,10.8,"728,365,199.0",1.3,..,..,..,..,..,..,"129,949,282.7",..,..,"2,964,932,598.0",..,..,..,"134,542,704.1","4,070.7",25.8,28.1,27.2,"3,399,248,682.0",0.1,44.7,1.5,1.4,81.0,"3,513,570.0",..,"2,296,270.0",..,..,..,"3,390,400,706,012.3",3.8
Afghanistan,..,369.3,7.7,"379,190.0",58.1,"7,703,000.0",0.2,11.8,"1,912,634.0",0.3,..,..,"12,084.4",1.9,5.1,..,"652,860.0",..,..,"4,140,568.0",91.1,96.5,105.0,"652,860.0","2,164.9",65.8,37.3,43.1,"27,694,940.0",2.1,74.5,1.8,16.7,98.3,"10,450.0",..,"4,300.0",..,..,..,"3,979,454,536.2",22.0
Albanie,..,..,66.6,"11,740.8",42.8,"611,346.0",0.2,22.3,"140,110.0",3.1,..,..,"7,889.0",28.8,15.0,..,"27,400.0",..,..,"678,196.0",106.3,106.1,105.6,"28,750.0","4,840.5",42.3,33.7,37.3,"1,137,407.0",-2.6,39.7,0.7,0.3,100.0,"2,010.0",..,960.0,..,..,..,"2,793,251,547.4",18.4
Algérie,..,14.5,20.7,"413,588.5",17.4,"7,505,017.0",0.2,3.2,"3,448,395.0",0.4,..,..,"19,300.0",0.8,..,..,"2,381,741.0",..,..,"6,064,881.0",88.6,90.0,93.4,"2,381,741.0","1,758.8",3.6,11.1,9.9,"11,558,339.0",-0.1,27.4,..,..,99.0,"6,810.0",..,"5,520.0",..,..,..,"20,769,269,034.9",11.9
Samoa américaines,..,..,..,49.0,24.5,"3,000.0",0.1,15.0,..,9.5,..,..,171.9,86.0,..,..,200.0,..,..,..,101.6,101.4,100.1,200.0,..,..,..,..,"7,125.0",-0.2,12.8,..,..,..,..,..,..,..,..,..,..,..
Andorre,..,..,..,188.3,40.1,830.0,0.0,1.8,..,..,..,..,160.0,34.0,..,..,470.0,..,..,..,..,..,..,470.0,..,..,..,..,"9,193.0",0.8,11.9,0.4,1.5,100.0,0.0,..,0.0,..,..,..,..,..
Angola,..,..,7.9,"569,524.9",45.7,"4,900,000.0",0.2,3.9,"3,245,206.0",0.3,..,..,"677,175.1",54.3,..,..,"1,246,700.0",..,..,"2,444,745.0",98.5,99.0,101.6,"1,246,700.0",753.3,57.1,44.8,50.9,"10,625,063.0",1.3,34.5,1.0,0.3,7.3,"16,660.0",..,"15,910.0",..,..,..,"8,724,224,373.8",8.6
Antigua-et-Barbuda,..,..,3.2,90.0,20.5,"4,000.0",0.0,9.1,47.0,2.3,..,..,82.5,18.8,..,..,440.0,..,..,75.0,102.7,100.6,95.1,440.0,"1,583.9",..,..,..,"72,598.0",1.0,75.4,2.3,0.0,100.0,10.0,..,10.0,..,..,..,"27,877,777.8",1.7
Argentine,..,364.1,48.2,"1,487,680.0",54.4,"39,200,000.0",0.9,14.3,"15,111,246.0",0.4,..,..,"287,910.0",10.5,0.9,..,"2,736,690.0",..,..,"70,591,016.0",91.5,97.2,108.2,"2,780,400.0","4,671.4",0.1,0.1,0.1,"3,617,403.0",-0.5,8.1,0.9,1.0,100.0,"84,730.0",..,"45,210.0",..,..,..,"23,815,684,360.2",4.5
Arménie,..,..,202.7,"16,773.0",58.9,"445,600.0",0.2,15.7,"127,436.0",2.1,..,..,"3,288.9",11.6,9.2,..,"28,470.0",..,..,"334,342.0",71.4,82.9,100.8,"29,740.0","2,623.6",28.6,23.4,25.8,"1,087,746.0",0.1,36.9,1.0,0.4,99.9,680.0,..,"1,070.0",..,..,..,"1,736,925,086.5",13.9
Aruba,..,..,..,20.0,11.1,"2,000.0",0.0,11.1,..,..,..,..,4.2,2.3,..,..,180.0,..,..,..,..,..,..,180.0,..,..,..,..,"59,897.0",0.3,56.6,0.3,0.1,100.0,..,..,..,..,..,..,..,..
Australie,..,283.9,85.9,"3,588,950.0",46.7,"30,974,000.0",1.2,4.0,"16,635,179.0",0.0,..,..,"1,340,051.0",17.4,0.6,..,"7,692,020.0",..,..,"33,860,883.0",100.3,97.0,95.3,"7,741,220.0","2,035.5",1.7,3.4,2.6,"3,494,578.0",0.8,14.0,0.8,2.6,100.0,"88,050.0",..,"71,490.0",..,..,..,"35,110,456,553.8",2.5
Autriche,..,..,135.1,"26,528.3",32.1,"1,327,150.0",0.2,16.1,"781,374.0",0.8,..,..,"38,919.7",47.2,..,..,"82,520.0",..,..,"4,813,238.0",99.2,101.9,103.5,"83,879.0","6,160.0",3.3,4.1,3.7,"3,686,762.0",0.0,41.7,2.0,1.6,100.0,"4,820.0",..,"2,590.0",..,..,..,"5,141,595,932.8",1.1
Azerbaïdjan,..,..,60.7,"47,795.0",57.8,"2,097,900.0",0.2,25.4,"1,055,769.0",3.1,..,..,"11,087.1",13.4,30.0,..,"82,654.0",..,..,"3,181,818.0",118.8,113.4,107.2,"86,600.0","3,013.7",42.0,30.9,36.3,"4,405,307.0",0.1,44.3,1.7,0.4,100.0,"3,930.0",..,"3,480.0",..,..,..,"2,455,764,705.9",5.2
Bahamas,..,..,188.3,140.0,1.4,"8,000.0",0.0,0.8,85.0,0.4,..,..,"5,098.6",50.9,..,..,"10,010.0",..,..,742.0,102.1,101.1,99.0,"13,880.0","8,722.3",0.4,4.0,2.3,"65,462.0",0.4,17.0,1.8,0.6,100.0,10.0,..,20.0,..,..,..,"86,600,000.0",0.7
Bahreïn,..,1.1,"1,990.5",86.0,11.0,"1,600.0",0.0,2.1,..,3.8,..,..,6.6,0.8,..,..,780.0,..,..,..,100.4,114.2,117.4,780.0,..,0.0,1.2,1.0,"168,134.0",4.0,10.7,0.6,0.1,100.0,20.0,..,30.0,..,..,..,"108,882,978.7",0.3
Bangladesh,..,573.0,318.5,"92,023.0",70.7,"7,772,300.0",0.0,59.7,"12,695,088.0",6.4,..,..,"18,834.0",14.5,..,..,"130,170.0",..,..,"60,817,838.0",109.0,109.1,111.0,"147,570.0","4,790.7",58.7,31.3,39.4,"102,261,195.0",-0.2,63.4,..,..,89.1,"61,490.0",..,"27,040.0",..,..,..,"35,828,712,193.7",13.1
Barbade,..,..,78.0,100.0,23.3,"7,000.0",0.0,16.3,38.0,2.3,..,..,63.0,14.7,..,..,430.0,..,..,109.0,113.2,107.8,106.0,430.0,"2,912.3",1.6,3.7,2.7,"197,360.0",0.2,68.9,1.0,0.2,100.0,20.0,..,30.0,..,..,..,..,..
Bélarus,..,10.6,156.2,"84,530.0",41.6,"5,712,000.0",0.6,28.1,"2,133,721.0",0.5,..,..,"87,386.0",43.1,0.4,..,"202,980.0",..,..,"5,813,869.0",91.2,98.7,104.8,"207,600.0","2,724.8",7.7,14.9,11.3,"2,020,372.0",-2.3,21.4,2.0,2.8,100.0,"9,270.0",..,"11,190.0",..,..,..,"3,956,124,852.8",6.6
Belgique,..,20.3,293.4,"13,540.0",44.7,"850,000.0",0.1,28.1,"304,515.0",0.8,..,..,"6,893.0",22.8,..,..,"30,280.0",..,..,"2,483,008.0",93.0,97.7,100.6,"30,530.0","8,154.0",0.6,1.3,1.0,"228,427.0",-1.5,2.0,1.1,1.2,100.0,"6,090.0",..,"3,310.0",..,..,..,"3,274,722,179.9",0.6
Belize,..,..,238.7,"1,720.0",7.5,"90,000.0",0.2,3.9,"24,567.0",1.4,..,..,"12,993.7",57.0,..,..,"22,810.0",..,..,"99,341.0",97.3,100.0,110.7,"22,970.0","4,043.7",4.9,24.2,17.0,"207,916.0",1.7,54.3,1.6,1.3,86.5,190.0,..,190.0,..,..,..,"183,117,850.0",9.6
Bénin,..,..,36.6,"39,500.0",35.0,"2,800,000.0",0.2,24.8,"1,616,613.0",5.3,..,..,"32,351.5",28.7,..,..,"112,760.0",..,..,"2,315,556.0",108.9,109.0,109.9,"114,760.0","1,432.4",30.6,47.3,39.1,"6,051,235.0",1.7,52.7,1.0,56.6,16.7,"3,060.0",..,"2,520.0",..,..,..,"4,002,712,282.3",28.1
Bermudes,..,..,214.9,3.0,5.6,300.0,0.0,5.6,..,..,..,..,10.0,18.5,..,..,54.0,..,..,..,101.7,100.6,99.5,"4,290.0",..,..,..,..,0.0,..,0.0,0.7,0.0,100.0,..,..,..,..,..,..,"16,980,000.0",0.2
Bhoutan,..,..,36.0,"5,130.0",13.5,"94,000.0",0.1,2.5,"56,134.0",0.2,..,..,"27,211.2",71.3,..,..,"38,140.0",..,..,"194,612.0",106.1,102.4,96.5,"38,390.0","3,466.9",64.4,50.5,56.1,"445,886.0",0.0,59.1,..,..,100.0,420.0,..,110.0,..,..,..,"391,284,480.8",16.0
Bolivie,..,34.3,6.7,"377,270.0",34.8,"4,480,000.0",0.4,4.1,"1,400,133.0",0.2,..,..,"512,532.4",47.3,..,..,"1,083,300.0",..,..,"3,267,425.0",108.0,109.6,111.8,"1,098,580.0","2,333.7",31.1,31.0,31.1,"3,471,223.0",0.3,30.6,0.6,0.6,77.6,"18,880.0",..,"8,370.0",..,..,..,"4,625,797,182.0",11.5
Bosnie-Herzégovine,..,182.4,84.8,"22,110.0",43.2,"1,029,000.0",0.3,20.1,"317,749.0",2.0,..,..,"21,879.1",42.7,..,..,"51,200.0",..,..,"1,743,762.0",127.8,115.1,90.5,"51,210.0","5,487.9",16.1,15.5,15.7,"1,720,299.0",-1.5,51.8,1.2,5.3,100.0,"1,480.0",..,"1,080.0",..,..,..,"1,187,529,167.6",5.9
Botswana,..,..,89.6,"258,616.0",45.6,"259,600.0",0.1,0.5,"96,151.0",0.0,..,..,"154,913.0",27.3,..,..,"566,730.0",..,..,"36,284.0",102.2,97.2,96.5,"581,730.0",377.4,15.8,24.4,20.4,"688,708.0",-0.2,30.6,0.8,0.1,29.0,"2,720.0",..,"2,420.0",..,..,..,"347,647,058.8",2.1
Brésil,..,590.1,304.7,"2,368,788.0",28.3,"55,762,000.0",0.3,6.7,"21,445,930.0",0.9,..,..,"4,990,514.0",59.7,..,..,"8,358,140.0",..,..,"103,064,737.0",109.1,107.7,106.5,"8,515,770.0","4,805.8",4.1,13.1,9.3,"28,133,824.0",-1.1,13.4,1.1,5.4,98.4,"329,920.0",..,"166,170.0",..,..,..,"84,736,124,299.3",4.4
Îles Vierges britanniques,..,..,..,70.0,46.7,"1,000.0",0.0,6.7,..,6.7,..,..,36.2,24.1,..,..,150.0,..,..,..,104.0,100.9,100.3,150.0,..,..,..,..,"15,576.0",0.0,52.3,..,..,100.0,..,..,..,..,..,..,..,..
Brunéi Darussalam,..,..,141.8,144.0,2.7,"5,000.0",0.0,0.9,783.0,1.1,..,..,"3,800.0",72.1,..,..,"5,270.0",..,..,"1,569.0",99.1,100.0,100.2,"5,770.0","2,004.0",0.5,1.4,1.1,"95,963.0",-0.4,22.4,0.1,0.0,100.0,20.0,..,100.0,..,..,..,"138,064,497.0",1.0
Bulgarie,..,166.9,126.9,"50,300.0",46.3,"3,478,000.0",0.5,32.0,"1,817,781.0",1.4,..,..,"38,670.0",35.6,..,..,"108,560.0",..,..,"9,931,999.0",104.6,103.7,97.6,"111,000.0","5,463.8",4.2,8.6,6.6,"1,755,697.0",-2.1,25.0,1.3,1.3,100.0,"1,780.0",..,"3,480.0",..,..,..,"2,246,146,650.6",3.4
Burkina Faso,..,..,17.6,"121,000.0",44.2,"6,000,000.0",0.3,21.9,"4,505,001.0",0.4,..,..,"63,164.0",23.1,..,..,"273,600.0",..,..,"4,991,259.0",105.0,103.6,100.9,"274,220.0","1,107.9",22.5,30.8,27.1,"13,952,831.0",2.0,70.6,0.4,9.8,..,"13,820.0",..,"9,190.0",..,..,..,"3,336,512,157.3",21.0
Burundi,..,..,23.8,"20,330.0",79.2,"1,200,000.0",0.1,46.7,"341,082.0",13.6,..,..,"2,796.4",10.9,..,..,"25,680.0",..,..,"425,802.0",120.4,120.6,104.5,"27,830.0","1,248.4",93.8,78.1,86.3,"9,719,004.0",2.8,87.0,1.7,0.1,3.0,"1,580.0",..,"1,760.0",..,..,..,"774,181,329.4",29.0
Cabo Verde,..,..,..,790.0,19.6,"50,000.0",0.1,12.4,"31,698.0",1.0,..,..,451.2,11.2,..,..,"4,030.0",..,..,"3,893.0",75.9,82.9,93.7,"4,030.0",122.8,6.5,16.1,11.8,"186,337.0",-0.2,34.3,1.8,..,91.2,50.0,..,50.0,..,..,..,"104,067,041.7",5.3
Cambodge,..,..,34.3,"55,660.0",31.5,"3,911,000.0",0.2,22.2,"3,105,119.0",0.9,..,..,"83,797.5",47.5,..,..,"176,520.0",..,..,"11,251,546.0",108.3,106.2,84.3,"181,040.0","3,623.5",38.5,34.4,36.4,"12,449,293.0",1.0,76.6,2.4,2.2,89.4,"17,100.0",..,"4,200.0",..,..,..,"5,408,969,280.4",22.0
Cameroun,..,..,13.0,"97,500.0",20.6,"6,200,000.0",0.2,13.1,"2,550,780.0",3.3,..,..,"204,524.8",43.3,..,..,"472,710.0",..,..,"4,198,483.0",104.0,103.5,99.4,"475,440.0","1,646.0",48.6,40.3,44.2,"11,000,846.0",1.3,43.6,1.7,20.3,26.3,"7,160.0",..,"5,570.0",..,..,..,"6,595,204,038.6",16.5
Canada,..,26.6,111.8,"581,990.0",6.5,"38,687,000.0",1.0,4.3,"14,978,100.0",0.0,..,..,"3,470,020.7",38.7,..,..,"8,965,590.0",..,..,"58,095,800.0",105.9,106.3,106.5,"9,879,750.0","3,878.7",0.9,2.0,1.5,"6,890,046.0",1.1,18.6,0.8,4.5,100.0,"24,230.0",..,"34,720.0",..,..,..,..,..
Îles Caïmans,..,..,..,27.0,11.3,200.0,0.0,0.8,..,2.1,..,..,128.1,53.4,..,..,240.0,..,..,..,100.3,100.4,100.9,264.0,..,..,..,..,0.0,..,0.0,..,..,100.0,..,..,..,..,..,..,"22,578,903.2",0.4
République centrafricaine,..,..,0.2,"50,800.0",8.2,"1,800,000.0",0.4,2.9,"145,922.0",0.1,..,..,"223,630.0",35.9,..,..,"622,980.0",..,..,"137,904.0",109.3,107.3,105.2,"622,980.0",945.1,73.3,67.8,70.3,"2,736,176.0",0.9,58.6,1.0,29.4,2.2,"9,890.0",..,"8,630.0",..,..,..,"693,863,405.4",31.2
Tchad,..,..,..,"502,380.0",39.9,"5,200,000.0",0.3,4.1,"3,384,176.0",0.0,..,..,"45,350.0",3.6,..,..,"1,259,200.0",..,..,"3,021,973.0",110.6,113.8,115.7,"1,284,000.0",893.0,73.8,76.7,75.4,"11,908,718.0",2.8,76.9,..,..,2.3,"45,560.0",..,"24,510.0",..,..,..,"5,068,441,335.0",45.1
Îles Anglo-Normandes,..,..,..,92.2,46.6,"3,820.0",0.0,19.3,..,..,..,..,10.2,5.2,..,..,198.0,..,..,..,..,..,..,198.0,..,1.7,3.5,2.7,"117,789.0",1.1,69.1,..,..,100.0,..,..,..,..,..,..,..,..
Chili,..,31.0,307.6,"156,930.0",21.1,"1,213,000.0",0.1,1.6,"512,436.0",0.6,..,..,"179,648.7",24.2,..,..,"743,532.0",..,..,"3,661,435.0",104.1,101.6,97.7,"756,700.0","7,145.2",5.2,12.1,9.2,"2,329,159.0",0.8,12.4,0.6,7.7,100.0,"5,470.0",..,"5,180.0",..,..,..,"10,550,891,150.3",3.5
Chine,..,90.1,393.2,"5,285,287.0",56.1,"119,488,700.0",0.1,12.7,"100,662,708.0",1.7,..,..,"2,162,190.4",22.9,..,..,"9,424,702.9",..,..,"612,170,193.0",103.9,103.1,101.1,"9,600,012.9","6,081.4",22.8,28.7,26.1,"572,999,405.0",-2.4,40.8,3.6,0.4,100.0,"331,360.0",..,"341,510.0",..,..,..,"978,614,814,147.5",7.0
Colombie,..,518.3,182.4,"494,920.0",44.6,"6,021,000.0",0.1,5.4,"1,049,195.0",3.5,..,..,"595,404.8",53.7,..,..,"1,109,500.0",..,..,"4,757,682.0",104.0,105.1,104.1,"1,141,750.0","4,534.6",7.8,23.1,16.7,"9,545,848.0",-0.2,19.2,1.0,3.8,92.6,"43,990.0",..,"19,030.0",..,..,..,"20,806,210,635.4",6.2
Comores,..,..,..,"1,310.0",70.4,"66,000.0",0.1,35.5,"27,996.0",26.9,..,..,338.0,18.2,..,..,"1,861.0",..,..,"38,354.0",103.5,103.0,100.4,"1,861.0","1,370.0",32.4,36.8,35.0,"591,240.0",2.0,71.0,0.8,0.0,75.6,240.0,..,50.0,..,..,..,"400,864,361.8",33.7
"Congo, République démocratique du",..,..,1.3,"315,000.0",13.9,"11,800,000.0",0.1,5.2,"4,057,515.0",0.7,..,..,"1,283,579.9",56.6,..,..,"2,267,050.0",..,..,"3,121,029.0",91.6,92.2,103.8,"2,344,860.0",769.2,72.2,57.8,64.8,"46,691,418.0",2.2,55.5,1.5,0.4,1.0,"12,890.0",..,"13,090.0",..,..,..,"8,984,371,083.1",19.1
"Congo, République du",..,..,2.4,"106,280.0",31.1,"550,000.0",0.1,1.6,"36,002.0",0.2,..,..,"219,760.0",64.4,..,..,"341,500.0",..,..,"29,886.0",102.1,103.1,105.5,"342,000.0",830.1,32.5,34.9,33.7,"1,735,045.0",1.2,33.1,0.6,2.2,11.6,"1,510.0",..,"1,910.0",..,..,..,"944,478,536.1",6.9
Costa Rica,..,..,641.8,"17,825.0",34.9,"252,500.0",0.1,4.9,"38,118.0",6.5,..,..,"30,021.3",58.8,..,..,"51,060.0",..,..,"163,669.0",108.5,108.8,106.8,"51,100.0","4,293.7",4.4,17.3,12.4,"1,032,885.0",-2.7,20.7,1.1,1.9,98.9,"2,420.0",..,"1,570.0",..,..,..,"2,798,813,050.9",4.5
Côte d'Ivoire,..,..,30.9,"212,000.0",66.7,"3,500,000.0",0.1,11.0,"1,433,734.0",14.2,..,..,"30,624.8",9.6,..,..,"318,000.0",..,..,"3,266,110.0",109.8,109.1,103.8,"322,460.0","2,278.0",32.0,47.4,41.0,"12,339,324.0",1.6,49.2,0.6,9.5,40.3,"3,120.0",..,"2,840.0",..,..,..,"11,920,526,999.5",20.5
Croatie,..,41.8,221.0,"14,840.0",26.2,"804,000.0",0.2,14.2,"465,189.0",1.3,..,..,"19,341.1",34.2,..,..,"56,590.0",..,..,"3,244,847.0",102.8,104.7,108.1,"88,070.0","6,975.3",5.1,7.2,6.2,"1,759,939.0",-1.5,43.1,1.2,4.5,100.0,"1,460.0",..,"1,320.0",..,..,..,"1,840,726,849.3",3.0
Cuba,..,361.5,38.6,"63,000.0",60.7,"2,908,600.0",0.3,28.0,"282,416.0",6.3,..,..,"32,420.0",31.2,..,..,"103,800.0",..,..,"812,374.0",100.7,101.6,105.5,"109,880.0","2,876.5",7.5,24.1,17.7,"2,603,578.0",-0.3,23.0,..,..,98.0,"7,490.0",..,"3,180.0",..,..,..,"3,785,000,000.0",3.8
Curacao,..,..,..,..,..,..,..,..,..,..,..,..,0.7,0.2,..,..,444.0,..,..,..,..,..,..,444.0,..,..,..,..,"17,296.0",0.0,10.9,..,..,100.0,..,..,..,..,..,..,"4,848,497.2",0.2
Chypre,..,..,157.7,"1,309.5",14.2,"104,005.0",0.1,11.3,"19,038.0",2.7,..,..,"1,725.7",18.7,..,..,"9,240.0",..,..,"37,225.0",95.0,103.8,108.9,"9,250.0","1,955.3",1.0,3.1,2.2,"394,716.0",0.9,33.2,0.5,0.7,100.0,190.0,..,230.0,..,..,..,"442,445,677.8",1.7
République tchèque,..,286.3,174.4,"35,230.0",45.6,"2,484,000.0",0.2,32.2,"1,341,236.0",0.6,..,..,"26,734.7",34.6,0.7,..,"77,200.0",..,..,"6,975,004.0",89.0,95.5,103.9,"78,870.0","5,200.4",1.8,3.6,2.8,"2,785,892.0",-0.1,26.2,1.2,1.3,100.0,"3,010.0",..,"3,690.0",..,..,..,"4,821,279,418.9",1.9
Danemark,..,..,108.1,"26,320.0",65.8,"2,392,000.0",0.4,59.8,"1,416,306.0",0.7,..,..,"6,265.6",15.7,..,..,"40,000.0",..,..,"7,005,294.0",78.2,94.4,102.6,"42,920.0","4,946.2",1.0,3.3,2.2,"702,536.0",-0.5,12.1,2.6,2.7,100.0,"6,090.0",..,"4,120.0",..,..,..,"3,663,222,560.5",1.0
Djibouti,..,..,..,"17,020.0",73.4,"2,000.0",0.0,0.1,9.0,..,..,..,56.4,0.2,..,..,"23,180.0",..,..,18.0,106.4,123.5,129.4,"23,200.0","2,104.7",23.1,27.0,25.5,"213,101.0",1.0,22.2,..,..,25.1,470.0,..,250.0,..,..,..,"44,101,550.2",1.5
Dominique,..,..,21.9,250.0,33.3,"6,000.0",0.1,8.0,117.0,22.7,..,..,478.7,63.8,..,..,750.0,..,..,191.0,102.4,102.1,100.5,750.0,"1,628.9",..,..,..,"21,142.0",-0.8,29.5,..,..,100.0,30.0,..,10.0,..,..,..,"61,155,555.6",11.1
République dominicaine,..,..,196.6,"24,290.0",50.3,"877,000.0",0.1,18.2,"219,382.0",7.3,..,..,"21,279.2",44.0,12.3,..,"48,310.0",..,..,"672,937.0",113.2,108.9,102.2,"48,670.0","3,067.4",1.5,14.3,9.3,"2,011,294.0",-3.0,18.9,1.3,0.6,95.9,"6,220.0",..,"3,000.0",..,..,..,"4,404,205,051.5",5.1
Équateur,..,..,386.8,"54,480.0",21.9,"968,000.0",0.1,3.9,"688,916.0",5.6,..,..,"126,263.7",50.8,15.1,..,"248,360.0",..,..,"2,711,410.0",94.4,94.5,94.9,"256,370.0","3,935.8",26.1,30.7,28.8,"6,180,950.0",1.3,36.2,0.9,4.7,96.9,"8,050.0",..,"4,340.0",..,..,..,"9,626,014,000.0",8.9
"Égypte, République arabe d’",..,40.3,569.1,"38,359.7",3.9,"2,910,968.8",0.0,2.9,"3,084,783.0",0.9,..,..,449.8,0.0,..,..,"995,450.0",..,..,"22,051,537.0",99.0,96.7,90.6,"1,001,450.0","7,148.5",21.7,21.7,21.7,"56,392,787.0",2.0,57.3,2.7,1.7,100.0,"15,050.0",..,"15,540.0",..,..,..,"28,030,284,755.2",11.2
El Salvador,..,..,123.8,"14,791.2",71.4,"627,000.0",0.1,30.3,"343,550.0",11.0,..,..,"5,928.8",28.6,1.5,..,"20,720.0",..,..,"817,563.0",107.7,93.6,88.0,"21,040.0","2,379.7",3.5,26.3,16.7,"1,796,330.0",-2.1,28.0,2.2,0.7,92.6,"1,450.0",..,980.0,..,..,..,"1,335,590,000.0",5.1
Guinée équatoriale,..,..,..,"2,840.0",10.1,"120,000.0",0.1,4.3,..,2.1,..,..,"24,651.4",87.9,..,..,"28,050.0",..,..,..,104.1,104.9,107.1,"28,050.0",..,42.6,37.1,39.2,"364,639.0",1.9,27.9,..,..,2.6,10.0,..,10.0,..,..,..,"295,727,873.5",2.3
Érythrée,..,..,6.8,"75,920.0",75.2,"690,000.0",0.2,6.8,"479,205.0",0.0,..,..,"10,615.8",10.5,..,..,"101,000.0",..,..,"312,655.0",101.8,101.8,101.8,"117,600.0",652.4,69.1,59.2,63.8,..,..,..,..,..,34.6,"2,990.0",..,"1,630.0",..,..,..,..,..
Estonie,..,"22,868.8",87.7,"10,040.0",23.1,"688,000.0",0.5,15.8,"350,433.0",0.1,..,..,"24,384.0",56.1,..,..,"43,470.0",..,..,"919,828.0",76.8,88.3,97.9,"45,340.0","2,624.8",1.6,4.8,3.3,"411,399.0",-0.2,31.1,2.7,8.1,100.0,640.0,..,"1,200.0",..,..,..,"676,843,985.6",2.2
Eswatini,..,..,..,"12,220.0",71.0,"175,000.0",0.2,10.2,"79,881.0",0.9,..,..,"4,951.4",28.8,..,..,"17,200.0",..,..,"92,676.0",102.1,101.7,100.4,"17,360.0","1,160.2",10.5,14.3,12.5,"865,852.0",0.8,76.2,1.3,5.6,69.7,610.0,..,370.0,..,..,..,"397,541,091.1",8.5
Éthiopie,..,..,36.2,"379,030.0",33.6,"16,187,000.0",0.1,14.3,"10,520,859.0",1.5,..,..,"172,145.0",15.2,2.1,..,"1,129,300.4",..,..,"25,191,722.0",102.3,100.4,96.2,"1,136,259.4","2,394.5",59.8,73.8,67.3,"86,546,146.0",2.0,79.2,0.5,2.0,32.7,"68,350.0",..,"44,100.0",..,..,..,"26,217,819,956.9",31.1
Îles Féroé,..,..,..,30.0,2.1,"3,000.0",0.1,2.1,..,..,..,..,0.8,0.1,..,..,"1,396.0",..,..,..,95.1,97.5,97.8,"1,396.0",..,..,..,..,"28,097.0",0.1,57.9,..,..,100.0,..,..,..,..,..,..,"524,134,545.3",17.2
Fidji,..,..,38.2,"4,250.0",23.3,"165,000.0",0.2,9.0,"2,759.0",4.7,..,..,"11,266.6",61.7,..,..,"18,270.0",..,..,"8,284.0",86.8,103.8,136.6,"18,270.0","3,002.3",8.5,22.5,18.0,"386,545.0",-0.5,43.8,0.4,9.2,98.7,230.0,..,140.0,..,..,..,"608,735,939.4",10.9
Finlande,..,60.4,91.6,"22,720.0",7.5,"2,244,000.0",0.4,7.4,"907,300.0",0.0,..,..,"224,090.0",73.7,..,..,"303,920.0",..,..,"2,733,533.0",79.3,92.8,100.0,"338,450.0","3,012.8",2.1,5.2,3.7,"806,259.0",-0.3,14.6,2.2,7.9,100.0,"2,210.0",..,"3,720.0",..,..,..,"6,577,065,200.8",2.4
France,..,386.2,172.7,"286,601.0",52.3,"18,126,400.0",0.3,33.1,"9,113,199.0",1.8,..,..,"170,862.0",31.2,..,..,"547,557.0",..,..,"62,740,329.0",98.4,98.7,100.2,"549,087.0","6,884.6",1.4,3.5,2.5,"13,122,453.0",-1.1,19.6,1.2,0.9,100.0,"41,380.0",..,"32,450.0",..,..,..,"45,996,962,803.9",1.6
Polynésie française,..,..,296.6,455.0,12.9,"2,500.0",0.0,0.7,..,6.5,..,..,"1,494.6",42.5,..,..,"3,520.0",..,..,..,99.8,100.6,103.0,"4,000.0",..,4.0,9.4,7.0,"105,977.0",0.4,38.2,1.0,1.9,100.0,..,..,..,..,..,..,..,..
Gabon,..,..,45.0,"22,126.4",8.6,"325,000.0",0.2,1.3,"29,904.0",0.7,..,..,"235,543.6",91.4,..,..,"257,670.0",..,..,"47,835.0",103.3,103.0,102.2,"267,670.0","1,599.6",46.8,21.5,30.6,"225,279.0",-1.0,10.6,..,..,22.1,180.0,..,330.0,..,..,..,"916,899,833.0",5.4
Gambie,..,..,8.0,"6,050.0",59.8,"440,000.0",0.2,43.5,"264,277.0",0.5,..,..,"2,541.4",25.1,..,..,"10,120.0",..,..,"222,119.0",109.7,106.4,99.0,"11,300.0",840.5,33.8,23.2,27.7,"883,080.0",1.2,38.7,0.6,0.2,34.8,940.0,..,350.0,..,..,..,"331,988,928.8",19.9
Géorgie,..,25.3,154.0,"23,718.0",34.1,"311,000.0",0.1,4.5,"146,450.0",1.7,..,..,"28,224.0",40.6,..,..,"69,490.0",..,..,"371,461.0",103.8,104.1,104.1,"69,700.0","2,536.4",41.3,36.9,38.9,"1,541,599.0",-1.0,41.4,0.8,0.7,100.0,"1,100.0",..,"1,030.0",..,..,..,"1,190,126,672.2",6.8
Allemagne,..,45.1,166.5,"166,450.0",47.6,"11,731,000.0",0.1,33.6,"6,102,278.0",0.6,..,..,"114,190.0",32.7,..,..,"349,380.0",..,..,"37,955,800.0",83.6,93.2,99.6,"357,580.0","6,219.9",0.9,1.6,1.3,"18,809,664.0",0.1,22.7,1.3,0.7,100.0,"32,610.0",..,"25,690.0",..,..,..,"27,390,667,262.0",0.7
Ghana,..,..,29.4,"147,827.4",65.0,"4,700,000.0",0.2,20.7,"1,916,882.0",11.9,..,..,"79,712.6",35.0,..,..,"227,540.0",..,..,"3,573,636.0",112.6,111.9,102.5,"238,540.0","1,864.3",23.5,37.7,31.0,"13,079,667.0",0.7,43.9,1.2,1.4,68.3,"5,160.0",..,"4,570.0",..,..,..,"12,205,768,063.2",18.1
Gibraltar,..,..,..,..,..,..,..,..,..,..,..,..,0.0,0.0,..,..,10.0,..,..,..,..,..,..,10.0,..,..,..,..,0.0,..,0.0,..,..,100.0,..,..,..,..,..,..,..,..
Grèce,..,83.5,133.3,"61,036.0",47.4,"2,136,600.0",0.2,16.6,"799,493.0",8.4,..,..,"39,018.0",30.3,..,..,"128,900.0",..,..,"3,036,916.0",80.8,83.8,93.3,"131,960.0","3,798.6",11.7,12.6,12.3,"2,247,680.0",-1.8,20.9,0.9,1.5,100.0,"4,390.0",..,"3,500.0",..,..,..,"7,705,099,164.2",3.6
Groenland,..,..,..,"2,431.1",0.6,..,..,..,..,..,..,..,2.2,0.0,..,..,"410,450.0",..,..,..,..,96.4,96.5,"410,450.0",..,..,..,..,"7,386.0",-2.1,13.2,0.5,0.0,100.0,..,..,..,..,..,..,"559,370,348.1",18.4
Grenade,..,..,..,80.0,23.5,"3,000.0",0.0,8.8,363.0,11.8,..,..,177.0,52.1,..,..,340.0,..,..,365.0,156.1,146.5,96.9,340.0,"1,006.3",..,..,..,"71,024.0",0.3,63.7,1.9,0.0,..,10.0,..,10.0,..,..,..,"60,722,851.9",5.2
Guam,..,..,..,180.0,33.3,"1,000.0",0.0,1.9,21.0,16.7,..,..,280.0,51.9,..,..,540.0,..,..,56.0,94.1,95.2,101.8,540.0,"2,719.4",0.1,0.3,0.2,"8,653.0",-0.6,5.2,..,..,100.0,..,..,..,..,..,..,..,..
Guatemala,..,..,358.3,"38,560.0",36.0,"862,000.0",0.1,8.0,"927,666.0",11.0,..,..,"35,510.0",33.1,..,..,"107,160.0",..,..,"2,004,065.0",104.9,102.4,94.3,"108,890.0","2,160.3",10.1,42.3,31.7,"8,001,178.0",0.8,48.9,1.6,3.0,91.6,"6,270.0",..,"3,880.0",..,..,..,"6,922,021,624.6",9.5
Guinée,..,..,3.2,"145,000.0",59.0,"3,100,000.0",0.2,12.6,"3,295,749.0",2.8,..,..,"62,690.0",25.5,..,..,"245,720.0",..,..,"3,911,040.0",115.7,113.7,106.7,"245,860.0","1,186.7",62.7,59.7,61.3,"7,927,767.0",2.3,63.9,..,..,19.7,"13,440.0",..,"5,960.0",..,..,..,"2,647,192,405.4",22.3
Guinée-Bissau,..,..,..,"8,151.1",29.0,"300,000.0",0.2,10.7,"163,433.0",8.9,..,..,"19,968.9",71.0,..,..,"28,120.0",..,..,"214,463.0",103.3,103.6,104.4,"36,130.0","1,312.2",65.3,57.2,61.1,"1,061,606.0",1.8,56.6,..,..,12.1,"1,190.0",..,770.0,..,..,..,"462,278,095.2",30.7
Guyane,..,..,62.1,"12,512.5",6.4,"420,000.0",0.5,2.1,"170,286.0",0.3,..,..,"184,337.5",93.6,..,..,"196,850.0",..,..,"968,756.0",130.4,128.7,119.6,"214,970.0","5,689.0",8.2,20.6,15.9,"571,744.0",0.4,73.4,0.3,1.7,89.3,"1,330.0",..,920.0,..,..,..,"935,302,746.5",19.5
Haïti,..,..,..,"18,400.0",66.8,"1,070,000.0",0.1,38.8,"457,721.0",10.2,..,..,"3,535.2",12.8,..,..,"27,560.0",..,..,"513,000.0",100.9,100.6,101.5,"27,750.0","1,120.8",13.3,42.6,29.2,"4,974,510.0",-0.8,44.7,..,..,1.6,"3,100.0",..,"1,360.0",..,..,..,"3,068,511,388.8",18.6
Honduras,..,..,184.1,"33,560.0",30.0,"1,020,000.0",0.1,9.1,"430,537.0",5.1,..,..,"64,011.6",57.2,..,..,"111,890.0",..,..,"790,693.0",120.3,105.6,106.7,"112,490.0","1,836.5",10.6,42.8,30.7,"4,113,431.0",0.2,42.9,1.2,1.2,81.9,"4,610.0",..,"2,530.0",..,..,..,"2,774,879,268.2",11.6
"Chine, RAS de Hong Kong",..,..,"3,573.9",50.0,4.8,"3,000.0",0.0,2.9,0.0,1.0,..,..,..,..,..,..,"1,050.0",..,..,0.0,101.8,87.2,84.2,"1,110.0","2,021.2",0.1,0.2,0.2,0.0,..,0.0,0.1,0.1,100.0,..,..,..,..,..,..,"224,787,905.8",0.1
Hongrie,..,190.5,150.7,"52,960.0",58.0,"4,324,000.0",0.4,47.4,"2,378,196.0",1.9,..,..,"20,559.2",22.5,1.6,..,"91,260.0",..,..,"14,892,663.0",100.3,101.6,104.2,"93,030.0","6,262.2",2.7,6.6,4.8,"2,800,601.0",-1.1,28.6,1.1,0.6,100.0,"2,510.0",..,"5,280.0",..,..,..,"5,597,915,214.6",3.5
Islande,..,..,136.3,"18,720.0",18.6,"121,000.0",0.3,1.2,"1,500.0",..,..,..,500.4,0.5,..,..,"100,830.0",..,..,"3,900.0",78.0,107.9,108.5,"103,000.0","2,600.0",1.2,6.5,4.0,"21,823.0",2.0,6.2,1.0,0.7,100.0,310.0,..,340.0,..,..,..,"1,030,398,387.2",3.9
Inde,..,152.7,175.0,"1,796,740.0",60.4,"156,416,000.0",0.1,52.6,"98,008,000.0",4.4,..,..,"716,272.0",24.1,..,..,"2,973,190.0",..,..,"318,320,000.0",109.5,111.8,116.8,"3,287,259.0","3,247.9",55.5,40.2,43.3,"892,338,114.0",0.4,66.0,1.7,1.6,92.8,"498,490.0",..,"220,220.0",..,..,..,"431,371,805,444.3",16.0
Indonésie,..,132.2,236.4,"623,000.0",33.2,"26,300,000.0",0.1,14.0,"21,675,360.0",13.3,..,..,"933,442.7",49.7,..,..,"1,877,519.0",..,..,"113,290,938.0",109.1,108.9,109.5,"1,916,862.2","5,226.7",27.5,31.0,29.6,"119,581,818.0",-0.3,44.7,2.9,5.1,96.8,"115,040.0",..,"85,200.0",..,..,..,"133,499,323,604.6",12.8
"Iran, République islamique d’",..,38.2,47.5,"459,540.0",28.2,"14,687,000.0",0.2,9.0,"8,981,199.0",1.1,..,..,"107,270.3",6.6,..,..,"1,628,760.0",..,..,"20,646,288.0",105.1,105.8,106.6,"1,745,150.0","2,298.8",19.7,17.3,17.7,"20,533,487.0",-0.6,25.1,3.1,0.3,100.0,"17,290.0",..,"15,450.0",..,..,..,"29,248,267,148.1",9.9
Iraq,..,215.1,50.3,"92,500.0",21.3,"5,000,000.0",0.1,11.5,"1,666,816.0",0.6,..,..,"8,250.0",1.9,..,..,"434,128.0",..,..,"4,290,645.0",85.6,86.4,88.8,"435,052.0","2,574.2",15.6,19.2,18.8,"11,348,290.0",1.7,29.5,..,..,99.9,"3,780.0",..,"3,600.0",..,..,..,"6,402,253,308.0",2.8
Irlande,..,..,"1,544.9","45,160.0",65.6,"451,000.0",0.1,6.5,"261,787.0",0.0,..,..,"7,740.2",11.2,..,..,"68,890.0",..,..,"1,855,755.0",77.2,110.1,114.2,"70,280.0","7,088.8",1.5,7.6,4.8,"1,792,632.0",0.6,36.8,0.5,0.4,100.0,"15,790.0",..,"9,560.0",..,..,..,"3,420,181,318.8",0.9
Île de Man,..,..,..,403.0,70.7,"23,100.0",0.3,40.5,..,..,..,..,34.6,6.1,..,..,570.0,..,..,..,..,..,..,570.0,..,..,..,..,"39,861.0",0.3,47.4,..,..,100.0,..,..,..,..,..,..,"30,787,191.5",0.4
Israël,..,3.4,240.7,"6,233.0",28.8,"383,500.0",0.0,17.7,"68,959.0",4.6,..,..,"1,400.0",6.5,33.5,..,"21,640.0",..,..,"209,321.0",94.0,97.2,99.4,"22,070.0","3,035.4",0.5,1.4,1.0,"673,494.0",0.9,7.6,1.0,0.6,100.0,610.0,..,990.0,..,..,..,"4,450,252,978.9",1.2
Italie,..,230.7,130.6,"124,050.0",41.7,"6,723,000.0",0.1,22.6,"3,105,043.0",8.2,..,..,"94,585.1",31.8,..,..,"297,730.0",..,..,"16,346,847.0",98.4,100.5,104.9,"302,070.0","5,264.6",2.4,4.7,3.8,"17,861,881.0",-1.2,29.6,2.0,0.7,100.0,"20,500.0",..,"11,470.0",..,..,..,"40,676,999,979.1",1.9
Jamaïque,..,..,65.8,"4,440.0",41.0,"120,000.0",0.0,11.1,"1,896.0",8.8,..,..,"5,891.2",54.4,..,..,"10,830.0",..,..,"2,177.0",101.5,105.4,110.3,"10,990.0","1,148.5",8.9,22.1,16.2,"1,300,903.0",-0.2,44.3,1.1,0.1,96.7,290.0,..,280.0,..,..,..,"1,037,009,734.5",6.6
Japon,..,142.9,253.7,"44,200.0",12.1,"4,142,000.0",0.0,11.4,"1,807,263.0",0.8,..,..,"249,350.0",68.4,..,..,"364,500.0",..,..,"10,696,746.0",96.0,99.2,101.5,"377,974.0","5,918.8",3.0,3.9,3.5,"10,608,200.0",-1.2,8.4,1.6,0.7,100.0,"14,080.0",..,"7,480.0",..,..,..,"52,720,814,911.7",1.0
Jordanie,..,1.3,114.0,"10,218.0",11.5,"201,000.0",0.0,2.3,"60,537.0",0.9,..,..,975.0,1.1,8.3,..,"88,780.0",..,..,"91,196.0",95.6,94.8,93.6,"89,320.0","1,506.4",0.8,2.9,2.6,"898,972.0",-0.7,9.0,1.1,0.3,98.9,580.0,..,610.0,..,..,..,"2,078,104,084.5",4.8
Kazakhstan,..,82.5,8.3,"2,160,365.0",80.0,"29,748,400.0",1.6,11.0,"14,856,767.0",0.0,..,..,"33,962.0",1.3,0.8,..,"2,699,700.0",..,..,"20,196,034.0",117.8,114.2,111.4,"2,724,902.0","1,359.4",14.3,17.2,15.8,"7,780,651.0",1.1,42.6,0.6,0.3,100.0,"15,970.0",..,"9,470.0",..,..,..,"7,883,531,695.7",4.4
Kenya,..,..,15.7,"276,300.0",48.5,"5,800,000.0",0.1,10.2,"2,670,361.0",0.9,..,..,"36,110.9",6.3,..,..,"569,140.0",..,..,"4,832,214.0",107.6,109.5,111.7,"580,370.0","1,809.6",60.2,50.1,55.1,"37,501,158.0",1.7,73.0,1.7,13.3,51.8,"28,370.0",..,"16,330.0",..,..,..,"18,730,947,981.1",20.3
Kiribati,..,..,..,340.0,42.0,"2,000.0",0.0,2.5,..,39.5,..,..,11.8,1.5,..,..,810.0,..,..,..,104.0,104.1,104.4,810.0,..,..,..,..,"53,221.0",-0.2,45.9,5.0,0.1,100.0,10.0,..,0.0,..,..,..,"58,367,365.6",29.2
"Corée, République démocratique de",..,..,..,"26,300.0",21.8,"2,350,000.0",0.1,19.5,"1,181,676.0",1.9,..,..,"60,725.5",50.4,..,..,"120,410.0",..,..,"4,211,839.0",94.9,95.6,101.1,"120,540.0","3,564.3",48.0,41.4,44.5,"9,734,655.0",-0.1,38.1,..,..,58.6,"3,580.0",..,"1,330.0",..,..,..,..,..
"Corée, République de",..,167.9,369.7,"16,520.0",16.9,"1,374,000.0",0.0,14.1,"824,441.0",2.3,..,..,"63,070.0",64.7,..,..,"97,520.0",..,..,"5,428,929.0",96.9,100.7,104.7,"100,370.0","6,585.0",4.7,5.2,5.0,"9,568,386.0",0.7,18.5,1.4,0.9,100.0,"9,290.0",..,"4,880.0",..,..,..,"30,122,762,380.7",1.7
Kosovo,..,..,..,..,..,..,..,..,..,..,..,..,..,..,..,..,..,..,..,..,..,..,..,..,..,..,..,..,..,..,..,..,..,100.0,..,..,..,..,..,..,"514,558,337.3",6.5
Koweït,..,1.7,"1,059.5","1,500.0",8.4,"8,000.0",0.0,0.4,"1,070.0",0.3,..,..,62.5,0.4,..,..,"17,820.0",..,..,"11,216.0",98.3,126.0,147.3,"17,820.0","10,482.2",0.0,2.5,1.9,0.0,..,0.0,0.5,0.0,100.0,190.0,..,330.0,..,..,..,"618,143,377.5",0.4
République kirghize,..,..,21.2,"105,413.0",55.0,"1,288,000.0",0.2,6.7,"563,924.0",0.4,..,..,"12,789.0",6.7,9.5,..,"191,800.0",..,..,"1,783,480.0",109.7,108.1,106.0,"199,950.0","3,162.6",20.4,20.5,20.4,"4,024,399.0",1.7,63.6,0.5,2.3,100.0,"3,640.0",..,"1,790.0",..,..,..,"965,675,629.0",11.7
République démocratique populaire lao,..,..,..,"23,940.0",10.4,"1,550,000.0",0.2,6.7,"1,013,794.0",0.7,..,..,"166,645.0",72.2,..,..,"230,800.0",..,..,"4,566,380.0",93.8,92.7,100.0,"236,800.0","4,504.2",64.6,60.2,62.4,"4,589,691.0",0.6,65.0,1.1,8.4,97.2,"7,080.0",..,"2,500.0",..,..,..,"2,849,905,907.8",15.7
Lettonie,..,..,101.2,"19,380.0",31.2,"1,295,000.0",0.7,20.9,"679,800.0",0.1,..,..,"34,030.5",54.8,..,..,"62,090.0",..,..,"2,057,200.0",82.5,90.5,101.9,"64,570.0","3,026.2",4.0,10.0,7.0,"613,959.0",-1.0,31.9,3.0,11.9,100.0,"1,040.0",..,"1,680.0",..,..,..,"1,236,707,808.0",3.6
Liban,..,34.4,286.4,"6,580.0",64.3,"132,000.0",0.0,12.9,"54,107.0",12.3,..,..,"1,421.3",13.9,..,..,"10,230.0",..,..,"170,738.0",98.0,97.9,97.7,"10,450.0","3,155.6",10.5,12.1,11.7,"782,453.0",-0.8,11.4,1.1,0.3,100.0,240.0,..,560.0,..,..,..,"1,778,627,282.1",3.2
Lesotho,..,..,..,"24,333.0",80.1,"429,300.0",0.2,14.1,"165,285.0",0.1,..,..,345.2,1.1,..,..,"30,360.0",..,..,"124,917.0",120.4,95.7,87.7,"30,360.0",755.8,40.7,48.1,44.9,"1,514,770.0",0.2,71.8,2.7,2.3,37.7,820.0,..,530.0,..,..,..,"108,650,443.2",4.3
Libéria,..,..,..,"19,540.4",20.3,"500,000.0",0.1,5.2,"238,090.0",2.1,..,..,"76,779.6",79.7,..,..,"96,320.0",..,..,"257,995.0",97.2,100.0,107.2,"111,370.0","1,083.6",40.9,44.5,42.8,"2,354,022.0",1.5,48.8,..,..,7.3,230.0,..,260.0,..,..,..,"1,214,965,000.0",35.5
Libye,..,14.3,9.8,"153,500.0",8.7,"1,720,000.0",0.3,1.0,"367,029.0",0.2,..,..,"2,170.0",0.1,..,..,"1,759,540.0",..,..,"242,231.0",99.3,101.6,105.9,"1,759,540.0",660.0,16.5,17.1,17.0,"1,328,901.0",0.1,19.9,0.3,0.0,..,"1,650.0",..,"1,320.0",..,..,..,..,..
Liechtenstein,..,..,..,51.6,32.3,"2,160.0",0.1,13.5,..,..,..,..,67.0,41.9,..,..,160.0,..,..,..,99.5,103.4,103.5,160.0,..,..,..,..,"32,481.0",0.3,85.7,..,..,100.0,20.0,..,0.0,..,..,..,"9,407,914.9",0.1
Lituanie,..,25.0,133.5,"29,470.0",47.1,"2,115,000.0",0.8,33.8,"1,257,225.0",0.6,..,..,"21,980.0",35.1,..,..,"62,630.0",..,..,"3,999,500.0",80.5,88.2,99.6,"65,290.0","3,181.2",4.7,9.7,7.2,"905,487.0",-1.5,32.3,2.5,3.1,100.0,"1,780.0",..,"3,140.0",..,..,..,"1,547,071,629.9",2.9
Luxembourg,..,..,234.7,"1,315.6",54.1,"62,114.0",0.1,25.6,"26,310.0",0.6,..,..,887.0,36.5,..,..,"2,430.0",..,..,"154,236.0",101.2,111.1,114.0,"2,590.0","5,862.3",0.5,1.5,1.0,"54,831.0",-0.8,9.0,2.0,1.5,100.0,430.0,..,220.0,..,..,..,"166,098,045.0",0.2
"Région administrative spéciale de Macao, Chine",..,..,..,..,..,..,..,..,..,..,..,..,..,..,..,..,32.9,..,..,..,101.3,103.5,104.3,32.9,..,0.1,0.7,0.4,0.0,..,0.0,0.1,2.0,100.0,..,..,..,..,..,..,..,..
Madagascar,..,..,12.6,"408,950.0",70.3,"3,000,000.0",0.1,5.2,"1,062,125.0",1.0,..,..,"124,562.4",21.4,..,..,"581,800.0",..,..,"4,252,655.0",101.9,101.6,102.0,"587,295.0","4,003.9",60.7,68.5,64.7,"16,495,096.0",1.6,62.8,2.9,2.0,..,"14,510.0",..,"8,160.0",..,..,..,"3,298,745,476.6",24.0
Malawi,..,..,35.9,"56,500.0",59.9,"3,600,000.0",0.2,38.2,"1,910,382.0",2.1,..,..,"23,257.0",24.7,..,..,"94,280.0",..,..,"2,925,168.0",112.1,117.7,141.5,"118,480.0","1,531.2",82.3,71.3,76.6,"15,070,299.0",2.4,83.1,2.5,1.3,11.4,"3,200.0",..,"4,260.0",..,..,..,"2,137,134,430.1",21.6
Malaisie,..,198.8,"2,106.5","85,710.0",26.1,"826,000.0",0.0,2.5,"677,163.0",22.7,..,..,"192,143.4",58.5,..,..,"328,550.0",..,..,"2,795,349.0",104.8,107.4,110.3,"330,345.0","4,128.0",6.1,13.4,10.6,"7,555,378.0",-1.1,24.0,1.8,1.7,100.0,"4,730.0",..,"9,400.0",..,..,..,"26,952,739,709.1",7.5
Maldives,..,..,115.0,79.0,26.3,"3,900.0",0.0,13.0,76.0,10.0,..,..,8.2,2.7,..,..,300.0,..,..,203.0,102.8,102.8,102.5,300.0,"2,661.7",2.0,10.4,8.6,"310,413.0",3.1,60.2,2.6,0.0,100.0,0.0,..,0.0,..,..,..,"277,550,627.6",5.2
Mali,..,..,24.8,"412,010.0",33.8,"6,411,000.0",0.3,5.3,"5,658,124.0",0.1,..,..,"132,960.0",10.9,..,..,"1,220,190.0",..,..,"10,159,685.0",123.7,125.3,128.3,"1,240,190.0","1,795.6",63.5,62.6,63.0,"10,997,181.0",1.7,57.6,0.5,13.3,25.4,"20,980.0",..,"13,240.0",..,..,..,"6,420,769,883.3",37.6
Malte,..,..,167.8,103.8,32.4,"9,070.0",0.0,28.3,"2,927.0",4.1,..,..,4.6,1.4,33.7,..,320.0,..,..,"14,394.0",93.5,94.4,95.1,320.0,"4,917.4",0.4,1.4,1.0,"26,112.0",2.3,5.4,0.2,0.1,100.0,60.0,..,30.0,..,..,..,"111,194,565.4",0.7
Îles Marshall,..,..,..,86.0,47.8,"2,000.0",0.0,11.1,..,36.1,..,..,94.0,52.2,..,..,180.0,..,..,..,101.4,101.4,..,180.0,..,..,..,..,"13,417.0",-1.1,23.0,..,..,96.4,0.0,..,0.0,..,..,..,"36,625,200.0",16.5
Mauritanie,..,..,..,"396,610.0",38.5,"400,000.0",0.1,0.4,"257,100.0",0.0,..,..,"3,237.0",0.3,..,..,"1,030,700.0",..,..,"340,110.0",99.3,103.0,103.7,"1,030,700.0","1,322.9",22.6,35.5,31.5,"2,039,966.0",1.0,46.3,0.4,0.0,..,"6,360.0",..,"3,090.0",..,..,..,"1,715,837,312.1",23.3
Maurice,..,..,187.1,860.0,42.4,"75,000.0",0.1,36.9,77.0,2.0,..,..,386.9,19.1,20.2,..,"2,030.0",..,..,406.0,82.0,89.2,104.3,"2,040.0","5,272.7",4.1,7.5,6.2,"749,148.0",0.1,59.2,2.1,1.1,99.3,20.0,..,120.0,..,..,..,"394,909,000.9",2.8
Mexique,..,504.3,102.9,"1,068,910.0",55.0,"23,905,000.0",0.2,12.3,"9,426,483.0",1.4,..,..,"659,476.1",33.9,..,..,"1,943,950.0",..,..,"36,068,979.0",111.9,110.6,108.6,"1,964,375.0","3,826.3",3.6,18.4,12.8,"25,041,299.0",-0.3,19.8,1.0,0.2,98.3,"60,010.0",..,"36,820.0",..,..,..,"41,363,853,452.7",3.4
"Micronésie, États fédérés de",..,..,..,220.0,31.4,"2,000.0",0.0,2.9,161.0,24.3,..,..,643.6,91.9,..,..,700.0,..,..,288.0,96.2,97.8,102.6,700.0,"1,783.8",..,..,..,"87,067.0",0.9,77.3,..,..,76.3,50.0,..,20.0,..,..,..,"90,483,800.0",22.5
Moldova,..,..,59.4,"22,571.0",68.6,"1,681,700.0",0.6,51.1,"928,851.0",7.1,..,..,"3,865.0",11.8,9.8,..,"32,885.3",..,..,"3,421,119.0",128.9,121.3,92.6,"33,850.0","3,683.2",20.5,28.4,24.5,"1,553,729.0",-1.8,57.4,1.4,0.6,100.0,700.0,..,"1,020.0",..,..,..,"1,176,711,321.1",10.3
Monaco,..,..,..,..,..,..,..,..,..,..,..,..,0.0,0.0,..,..,2.0,..,..,..,..,..,..,74.9,..,..,..,..,0.0,..,0.0,..,..,100.0,..,..,..,..,..,..,..,..
Mongolie,..,..,31.8,"1,134,330.0",72.8,"1,327,400.0",0.4,0.9,"367,109.0",0.0,..,..,"141,750.0",9.1,0.0,..,"1,557,255.0",..,..,"453,849.0",109.6,152.2,154.7,"1,564,116.0","1,236.3",24.5,28.5,26.7,"1,000,361.0",1.5,31.6,0.4,5.3,94.6,"15,910.0",..,"12,970.0",..,..,..,"1,505,993,230.4",11.4
Monténégro,..,..,246.8,"2,568.0",19.1,"9,200.0",0.0,0.7,"2,204.0",0.4,..,..,"8,270.0",61.5,..,..,"13,450.0",..,..,"7,301.0",110.5,95.1,83.9,"13,810.0","3,311.8",7.3,8.6,8.0,"206,498.0",-1.0,33.2,0.5,7.3,100.0,300.0,..,110.0,..,..,..,"370,553,588.3",6.7
Maroc,..,10.7,74.9,"300,690.0",67.4,"7,477,600.0",0.2,16.8,"4,589,475.0",3.6,..,..,"57,215.9",12.8,..,..,"446,300.0",..,..,"10,388,665.0",116.4,112.9,106.0,"446,550.0","2,263.6",53.4,28.1,34.2,"13,527,842.0",-0.2,37.5,1.6,0.7,96.1,"7,500.0",..,"7,850.0",..,..,..,"14,427,504,501.3",12.2
Mozambique,..,..,6.7,"414,138.3",52.7,"5,650,000.0",0.2,7.2,"2,295,657.0",0.4,..,..,"372,241.7",47.3,..,..,"786,380.0",..,..,"1,917,175.0",103.8,102.8,99.7,"799,380.0",835.1,80.2,60.1,70.6,"18,880,985.0",2.1,64.0,1.5,0.6,8.0,"9,130.0",..,"8,970.0",..,..,..,"3,647,284,790.7",24.6
Myanmar,..,"2,375.0",49.3,"128,890.0",19.7,"11,080,300.0",0.2,17.0,"7,771,933.0",2.3,..,..,"291,233.1",44.6,..,..,"652,790.0",..,..,"28,014,055.0",99.3,98.9,98.1,"676,590.0","3,604.5",42.6,52.0,48.2,"37,284,851.0",0.2,69.4,0.6,2.0,54.7,"58,530.0",..,"19,850.0",..,..,..,"15,445,157,400.6",23.0
Namibie,..,..,27.3,"388,100.0",47.1,"800,000.0",0.3,1.0,"304,290.0",0.0,..,..,"67,809.2",8.2,..,..,"823,290.0",..,..,"152,898.0",111.5,101.9,96.6,"824,290.0",502.5,21.1,24.1,22.6,"1,223,367.0",-0.2,50.0,0.5,1.1,33.5,"3,710.0",..,"2,700.0",..,..,..,"1,062,863,328.3",7.8
Nauru,..,..,..,4.0,20.0,..,..,..,..,20.0,..,..,0.0,0.0,..,..,20.0,..,..,..,104.4,103.7,100.9,20.0,..,..,..,..,0.0,..,0.0,..,..,..,0.0,..,0.0,..,..,..,..,..
Népal,..,..,86.9,"41,210.0",28.7,"2,113,700.0",0.1,14.7,"3,428,987.0",1.5,..,..,"59,620.3",41.6,..,..,"143,350.0",..,..,"9,930,178.0",103.9,106.6,114.4,"147,180.0","2,896.0",74.6,52.9,65.1,"22,549,618.0",1.2,80.3,1.2,4.3,93.5,"19,770.0",..,"5,970.0",..,..,..,"7,395,350,560.4",22.3
Pays-Bas,..,11.8,265.9,"18,220.0",54.1,"1,021,000.0",0.1,30.3,"161,165.0",1.1,..,..,"3,676.3",10.9,..,..,"33,670.0",..,..,"1,340,532.0",94.7,86.9,83.8,"41,540.0","8,317.8",1.3,2.8,2.1,"1,466,411.0",-4.2,8.5,1.7,2.8,100.0,"11,890.0",..,"6,680.0",..,..,..,"15,080,507,000.2",1.7
Nouvelle-Calédonie,..,..,248.9,"1,840.3",10.1,"5,970.0",0.0,0.3,"1,378.0",0.2,..,..,"8,382.2",45.9,..,..,"18,280.0",..,..,"10,309.0",115.0,97.3,89.0,"18,580.0","7,481.4",0.9,2.8,1.9,"79,346.0",-1.2,29.3,..,..,100.0,..,..,..,..,..,..,..,..
Nouvelle-Zélande,..,311.2,"1,895.3","104,670.0",39.8,"491,000.0",0.1,1.9,"121,248.0",0.3,..,..,"98,551.5",37.4,..,..,"263,310.0",..,..,"977,781.0",101.3,100.0,99.4,"267,710.0","8,064.3",3.8,7.8,5.9,"659,719.0",1.3,13.5,0.8,12.7,100.0,"27,700.0",..,"14,600.0",..,..,..,"11,995,779,301.3",5.7
Nicaragua,..,..,58.2,"50,650.0",42.1,"1,504,000.0",0.2,12.5,"389,130.0",2.4,..,..,"36,075.3",30.0,..,..,"120,340.0",..,..,"820,382.0",115.8,108.0,104.5,"130,370.0","2,108.2",8.4,44.1,30.3,"2,681,761.0",0.7,41.5,1.1,0.8,69.3,"8,010.0",..,"3,130.0",..,..,..,"1,995,752,794.8",15.3
Niger,..,..,0.4,"466,000.0",36.8,"17,700,000.0",0.8,14.0,"10,995,187.0",0.1,..,..,"11,045.4",0.9,..,..,"1,266,700.0",..,..,"6,099,863.0",121.6,119.3,111.4,"1,267,000.0",554.8,69.9,75.0,72.9,"18,756,596.0",3.7,83.6,0.7,0.6,11.7,"19,250.0",..,"11,220.0",..,..,..,"4,823,954,503.3",37.7
Nigéria,..,91.4,19.7,"691,234.5",75.9,"34,000,000.0",0.2,37.3,"17,373,539.0",7.1,..,..,"219,535.5",24.1,..,..,"910,770.0",..,..,"26,216,277.0",102.1,101.9,100.6,"923,770.0","1,509.0",24.2,44.8,35.5,"97,263,534.0",0.9,49.7,0.8,0.1,31.0,"45,780.0",..,"30,410.0",..,..,..,"84,219,371,561.5",21.2
Macédoine du Nord,..,..,60.8,"12,640.0",50.1,"418,000.0",0.2,16.6,"161,091.0",1.6,..,..,"10,014.9",39.7,..,..,"25,220.0",..,..,"598,382.0",101.6,101.7,101.6,"25,710.0","3,714.5",14.8,16.3,15.7,"872,779.0",-0.4,42.0,0.8,0.4,100.0,890.0,..,450.0,..,..,..,"1,074,306,572.4",8.5
Mariannes,..,..,..,30.0,6.5,"1,000.0",0.0,2.2,..,2.2,..,..,243.6,53.0,..,..,460.0,..,..,..,..,..,..,460.0,..,..,..,..,"4,768.0",-0.5,8.4,..,..,100.0,..,..,..,..,..,..,..,..
Norvège,..,16.4,203.8,"9,863.0",2.7,"803,210.0",0.2,2.2,"279,238.0",0.0,..,..,"121,644.0",33.3,..,..,"365,107.9",..,..,"678,543.0",70.3,96.4,103.3,"625,221.6","2,430.0",1.1,3.0,2.1,"942,971.0",-1.4,17.8,1.2,0.7,100.0,"2,510.0",..,"2,630.0",..,..,..,"8,141,284,967.7",1.9
Oman,..,1.5,316.8,"14,588.9",4.7,"76,660.0",0.0,0.2,"4,850.0",0.1,..,..,26.0,0.0,6.9,..,"309,500.0",..,..,"64,754.0",128.0,130.7,135.0,"309,500.0","13,350.5",0.3,4.7,4.1,"746,685.0",-2.7,15.5,0.4,0.0,100.0,"1,080.0",..,670.0,..,..,..,"1,692,426,742.9",2.1
Pakistan,..,131.6,156.0,"363,000.0",47.1,"30,507,000.0",0.1,39.6,"13,680,217.0",1.0,..,..,"38,085.8",4.9,53.2,..,"770,880.0",..,..,"42,741,865.0",103.5,108.1,111.1,"796,100.0","3,124.4",66.4,30.1,37.4,"134,412,664.0",1.7,63.3,4.4,1.0,56.9,"130,300.0",..,"55,920.0",..,..,..,"71,896,439,700.1",22.9
Palaos,..,..,..,43.0,9.3,300.0,0.0,0.7,..,4.3,..,..,412.5,89.7,..,..,460.0,..,..,..,..,..,..,460.0,..,..,..,..,"3,595.0",-2.2,20.1,1.7,0.2,100.0,0.0,..,0.0,..,..,..,"10,000,000.0",3.5
Panama,..,..,57.1,"22,590.0",30.5,"565,000.0",0.1,7.6,"146,605.0",2.5,..,..,"42,366.7",57.1,..,..,"74,177.0",..,..,"429,251.0",102.6,103.6,104.2,"75,320.0","2,927.9",8.0,18.3,14.2,"1,348,752.0",0.6,32.3,..,..,85.3,"2,410.0",..,"1,130.0",..,..,..,"1,459,913,375.3",2.2
Papouasie-Nouvelle-Guinée,..,..,145.3,"11,900.0",2.6,"300,000.0",0.0,0.7,"4,260.0",1.5,..,..,"359,228.2",79.3,..,..,"452,860.0",..,..,"20,142.0",103.8,103.7,103.1,"462,840.0","4,727.8",61.3,53.5,57.3,"7,472,957.0",1.9,86.8,..,..,55.4,"1,100.0",..,"3,670.0",..,..,..,"4,092,308,539.8",17.0
Paraguay,..,..,120.1,"218,190.0",54.9,"4,734,000.0",0.7,11.9,"1,673,000.0",0.2,..,..,"166,609.3",41.9,..,..,"397,300.0",..,..,"7,069,529.0",111.5,109.2,103.9,"406,752.0","4,225.7",14.6,23.7,20.1,"2,672,174.0",0.5,38.4,0.7,1.5,99.1,"20,790.0",..,"9,240.0",..,..,..,"4,124,195,087.9",10.3
Pérou,..,..,125.4,"236,087.0",18.4,"3,429,700.0",0.1,2.7,"1,242,613.0",1.1,..,..,"726,760.4",56.8,..,..,"1,280,000.0",..,..,"5,644,208.0",112.8,111.1,111.3,"1,285,220.0","4,542.2",26.1,29.2,27.8,"7,067,388.0",0.9,22.1,1.4,1.0,81.8,"18,160.0",..,"8,020.0",..,..,..,"15,277,490,415.6",6.9
Philippines,..,381.6,169.0,"124,400.0",41.7,"5,590,000.0",0.1,18.7,"7,311,944.0",17.9,..,..,"71,188.1",23.9,..,..,"298,170.0",..,..,"26,838,577.0",102.8,104.5,108.5,"300,000.0","3,670.5",14.4,30.5,24.3,"56,624,425.0",1.0,53.1,0.7,0.9,91.7,"50,630.0",..,"10,740.0",..,..,..,"33,470,748,908.7",9.7
Pologne,..,67.8,177.6,"145,120.0",47.4,"11,009,000.0",0.3,36.0,"7,806,310.0",1.2,..,..,"94,590.0",30.9,..,..,"306,170.0",..,..,"26,779,782.0",98.2,106.2,115.0,"312,690.0","3,430.5",8.4,10.6,9.6,"15,167,875.0",0.1,39.9,1.6,1.3,100.0,"14,690.0",..,"17,470.0",..,..,..,"13,736,190,713.5",2.3
Portugal,..,154.5,198.5,"35,739.9",39.0,"919,180.0",0.1,10.0,"229,721.0",8.5,..,..,"33,120.0",36.2,..,..,"91,605.6",..,..,"1,092,570.0",101.0,102.0,103.0,"92,225.6","4,756.1",3.9,8.1,6.0,"3,577,639.0",-1.8,34.8,1.8,2.3,100.0,"4,780.0",..,"2,240.0",..,..,..,"4,932,369,243.0",2.0
Porto Rico,..,..,..,"1,689.0",19.0,"50,200.0",0.0,5.7,186.0,1.8,..,..,"4,953.5",55.8,..,..,"8,870.0",..,..,288.0,101.3,103.4,104.0,"8,870.0","1,553.5",0.3,1.7,1.1,"205,077.0",-3.9,6.4,..,..,100.0,..,..,..,..,..,..,"714,700,000.0",0.7
Qatar,..,0.1,242.9,670.0,5.8,"14,000.0",0.0,1.2,265.0,0.3,..,..,0.0,0.0,16.4,..,"11,490.0",..,..,"2,308.0",119.1,112.6,108.0,"11,490.0","8,709.4",0.0,1.4,1.2,"24,062.0",-4.3,0.9,0.5,0.0,100.0,200.0,..,130.0,..,..,..,"400,142,554.9",0.2
Roumanie,..,129.3,59.2,"134,140.0",58.3,"8,686,000.0",0.4,37.8,"5,253,928.0",1.9,..,..,"69,290.5",30.1,2.0,..,"230,080.0",..,..,"31,553,279.0",139.1,125.5,97.3,"238,400.0","6,005.7",22.2,22.4,22.3,"8,958,416.0",-0.7,46.0,1.7,1.1,100.0,"8,150.0",..,"7,440.0",..,..,..,"10,459,534,199.3",4.3
Fédération de Russie,..,11.0,20.8,"2,154,940.0",13.2,"121,649,000.0",0.8,7.4,"41,983,108.0",0.1,..,..,"8,153,116.0",49.8,..,..,"16,376,870.0",..,..,"109,837,875.0",103.3,104.5,106.1,"17,098,250.0","2,616.2",4.0,7.7,5.9,"36,938,654.0",-0.6,25.6,1.0,2.2,100.0,"51,140.0",..,"44,850.0",..,..,..,"56,253,967,544.9",3.4
Rwanda,..,..,10.9,"18,117.0",73.4,"1,151,700.0",0.1,46.7,"494,472.0",10.1,..,..,"2,740.0",11.1,..,..,"24,670.0",..,..,"706,175.0",89.3,89.6,97.1,"26,340.0","1,428.1",72.2,53.9,63.3,"10,184,677.0",2.5,82.8,0.8,1.1,23.5,"1,750.0",..,"1,690.0",..,..,..,"2,372,951,932.8",24.6
Samoa,..,..,1.1,757.0,26.7,"32,500.0",0.2,11.5,..,11.0,..,..,"1,626.3",57.5,..,..,"2,830.0",..,..,..,100.7,101.0,102.8,"2,840.0",..,6.9,43.1,30.9,"160,348.0",0.6,81.8,2.7,0.2,100.0,150.0,..,50.0,..,..,..,"80,050,160.5",9.7
Saint-Marin,..,..,..,23.0,38.3,"1,985.0",0.1,33.1,..,5.3,..,..,10.0,16.7,..,..,60.0,..,..,..,..,..,..,60.0,..,..,..,..,937.0,-5.1,2.8,..,..,100.0,..,..,..,..,..,..,"271,580.2",0.0
Sao Tomé-et-Principe,..,..,..,440.0,45.8,"4,000.0",0.0,4.2,462.0,40.6,..,..,531.4,55.4,..,..,960.0,..,..,941.0,73.3,75.5,101.2,960.0,"2,035.4",9.0,24.8,19.6,"57,394.0",-1.1,27.2,1.1,0.1,55.7,0.0,..,10.0,..,..,..,"45,823,590.2",11.1
Arabie saoudite,..,6.8,81.2,"1,736,290.0",80.8,"3,437,000.0",0.1,1.6,"245,861.0",0.1,..,..,"9,770.0",0.5,..,..,"2,149,690.0",..,..,"1,378,867.0",118.2,113.3,109.6,"2,149,690.0","5,608.3",0.5,2.8,2.5,"5,445,017.0",0.4,16.2,0.7,0.1,100.0,"2,820.0",..,"3,490.0",..,..,..,"17,495,755,733.3",2.2
Sénégal,..,98.3,22.3,"88,780.0",46.1,"3,200,000.0",0.2,16.6,"1,341,597.0",0.4,..,..,"81,481.6",42.3,..,..,"192,530.0",..,..,"1,746,643.0",104.1,104.2,104.4,"196,710.0","1,301.9",25.6,34.3,30.8,"8,372,351.0",1.9,52.8,1.5,1.8,41.4,"6,360.0",..,"4,650.0",..,..,..,"3,464,619,904.9",15.0
Serbie,..,149.2,72.9,"34,640.0",39.6,"2,583,000.0",0.4,29.5,"1,720,321.0",2.3,..,..,"27,220.0",31.1,1.4,..,"87,460.0",..,..,"10,550,204.0",107.1,106.0,103.2,"88,360.0","6,132.7",13.6,17.7,15.9,"3,065,922.0",-0.9,43.9,..,..,100.0,"3,240.0",..,"2,480.0",..,..,..,"3,212,026,741.2",6.3
Seychelles,..,..,515.7,15.5,3.4,150.0,0.0,0.3,..,3.0,..,..,337.0,73.3,..,..,460.0,..,..,..,101.9,103.4,104.3,460.0,..,..,..,..,"41,907.0",0.0,43.3,1.0,0.0,100.0,0.0,..,0.0,..,..,..,"31,454,185.4",2.0
Sierra Leone,..,..,..,"39,490.0",54.7,"1,584,000.0",0.2,21.9,"895,640.0",2.3,..,..,"25,743.4",35.7,..,..,"72,180.0",..,..,"1,028,954.0",71.2,74.2,99.1,"72,300.0","1,148.8",52.5,58.3,55.4,"4,432,879.0",1.4,57.9,1.6,9.4,6.4,"2,770.0",..,"1,240.0",..,..,..,"2,407,538,287.5",58.9
Singapour,..,..,0.0,6.6,0.9,560.0,0.0,0.8,..,0.1,..,..,159.3,22.5,..,..,709.0,..,..,..,106.0,112.8,114.2,719.0,..,0.0,0.1,0.1,0.0,..,0.0,0.4,0.6,100.0,0.0,..,20.0,..,..,..,"113,582,443.7",0.0
Sint Maarten (Dutch part),..,..,..,..,..,..,..,..,..,..,..,..,3.7,10.9,..,..,34.0,..,..,..,..,..,..,34.0,..,..,..,..,0.0,..,0.0,..,..,100.0,..,..,..,..,..,..,..,..
République slovaque,..,47.6,129.3,"18,890.0",39.3,"1,348,000.0",0.2,28.0,"743,154.0",0.4,..,..,"19,259.0",40.1,1.2,..,"48,080.0",..,..,"4,037,761.0",97.4,98.9,102.1,"49,030.0","5,433.3",1.2,3.2,2.3,"2,520,439.0",0.2,46.3,1.0,0.9,100.0,"1,090.0",..,"1,460.0",..,..,..,"2,269,416,819.7",2.1
Slovénie,..,..,261.8,"6,120.0",30.4,"181,780.0",0.1,9.0,"99,291.0",2.7,..,..,"12,419.0",61.7,0.5,..,"20,136.4",..,..,"600,948.0",102.6,102.9,103.0,"20,480.0","6,052.4",4.9,5.9,5.5,"942,771.0",-0.2,45.5,2.5,1.9,100.0,"1,060.0",..,560.0,..,..,..,"1,215,675,836.1",2.2
Îles Salomon,..,..,..,"1,170.0",4.2,"20,000.0",0.0,0.7,"1,598.0",3.2,..,..,"25,244.3",90.2,..,..,"27,990.0",..,..,"2,737.0",101.8,101.6,99.9,"28,900.0","1,713.5",38.3,37.5,37.9,"497,809.0",2.0,76.3,0.7,73.3,64.0,60.0,..,20.0,..,..,..,..,..
Somalie,..,..,..,"441,250.0",70.3,"1,100,000.0",0.1,1.8,"330,887.0",0.0,..,..,"61,335.0",9.8,..,..,"627,340.0",..,..,"274,037.0",106.9,97.8,96.7,"637,660.0",828.2,84.2,79.4,80.5,"8,258,876.0",1.8,55.0,..,..,10.5,"15,950.0",..,"6,210.0",..,..,..,..,..
Afrique du Sud,..,238.1,72.8,"963,410.0",79.4,"12,000,000.0",0.2,9.9,"3,034,761.0",0.3,..,..,"171,228.9",14.1,..,..,"1,213,090.0",..,..,"14,971,922.0",110.4,103.6,97.6,"1,219,090.0","4,933.5",3.9,6.2,5.2,"19,444,293.0",-0.1,33.6,1.0,2.3,78.7,"15,600.0",..,"14,420.0",..,..,..,"9,211,178,768.2",2.3
Soudan du Sud,..,..,..,"285,332.0",45.2,..,..,..,"1,004,675.0",..,..,..,"71,570.0",11.3,..,..,"631,928.1",..,..,"745,000.0",88.9,98.5,101.7,"633,906.6",741.5,73.7,48.6,60.8,"8,822,997.0",0.3,80.4,..,..,4.7,"26,610.0",..,"22,750.0",..,..,..,"316,253,408.2",9.1
Espagne,..,114.6,157.7,"261,833.2",52.4,"11,884,251.9",0.3,23.8,"5,989,227.0",9.8,..,..,"185,635.9",37.2,14.1,..,"499,603.5",..,..,"24,362,945.0",118.1,115.6,111.1,"505,957.3","4,067.8",2.2,5.9,4.2,"9,209,330.0",-0.8,19.7,1.1,1.0,100.0,"24,660.0",..,"16,700.0",..,..,..,"39,166,116,372.3",2.8
Sri Lanka,..,"1,370.1",138.3,"28,116.0",45.4,"1,371,600.0",0.1,22.2,"1,118,704.0",16.2,..,..,"21,193.4",34.3,..,..,"61,864.0",..,..,"4,208,101.0",111.8,116.3,117.5,"65,610.0","3,761.6",28.5,24.0,25.5,"17,666,251.0",0.9,81.5,..,..,99.5,"4,450.0",..,"1,370.0",..,..,..,"7,057,967,785.7",8.0
Saint-Kitts-et-Nevis,..,..,5.2,60.0,23.1,"5,000.0",0.1,19.2,..,0.4,..,..,110.0,42.3,..,..,260.0,..,..,..,103.7,103.1,101.7,260.0,..,..,..,..,"36,300.0",0.8,69.2,..,..,100.0,10.0,..,0.0,..,..,..,"11,718,703.7",1.1
Sainte-Lucie,..,..,133.2,106.0,17.4,"3,000.0",0.0,4.9,..,11.5,..,..,207.7,34.0,..,..,610.0,..,..,..,97.1,81.0,62.9,620.0,..,5.1,16.3,11.4,"147,917.0",0.4,81.3,1.4,0.2,99.3,20.0,..,20.0,..,..,..,"36,995,645.1",1.8
Saint-Martin (fr),..,..,..,..,..,..,..,..,..,..,..,..,12.4,24.8,..,..,50.0,..,..,..,..,..,..,50.0,..,..,..,..,..,..,..,..,..,100.0,..,..,..,..,..,..,..,..
Saint-Vincent-et-les Grenadines,..,..,..,70.0,17.9,"2,000.0",0.0,5.1,37.0,7.7,..,..,285.4,73.2,..,..,390.0,..,..,"1,030.0",103.4,102.8,97.1,390.0,"27,837.8",4.4,14.5,10.3,"52,683.0",-0.5,47.8,1.7,0.1,100.0,10.0,..,10.0,..,..,..,"58,888,888.9",7.3
Soudan,..,..,8.6,"681,861.6",36.9,"19,823,160.0",0.5,10.7,"11,130,949.0",0.1,..,..,"187,038.7",10.1,..,..,"1,849,233.7",..,..,"8,270,000.0",128.5,117.3,104.1,"1,854,105.4",743.0,53.5,33.8,39.0,"27,320,645.0",2.0,65.4,..,..,37.3,"47,430.0",..,"28,150.0",..,..,..,"6,810,135,936.5",22.0
Suriname,..,..,132.2,840.0,0.5,"62,000.0",0.1,0.4,"56,282.0",0.0,..,..,"152,207.8",97.6,73.8,..,"156,000.0",..,..,"274,001.0",96.5,98.4,107.0,"163,820.0","4,868.4",4.4,10.1,8.0,"195,490.0",0.9,33.9,0.1,4.7,94.3,460.0,..,210.0,..,..,..,"400,938,023.5",10.0
Suède,..,..,100.4,"30,090.0",7.4,"2,550,000.0",0.3,6.3,"921,000.0",0.0,..,..,"279,800.0",68.7,..,..,"407,310.0",..,..,"3,255,500.0",64.4,85.2,99.4,"447,430.0","3,534.7",0.8,2.5,1.7,"1,278,923.0",-1.1,12.6,1.3,3.9,100.0,"3,300.0",..,"3,940.0",..,..,..,"7,736,308,101.0",1.4
Suisse,..,..,187.8,"15,100.8",38.2,"398,138.9",0.0,10.1,"142,182.0",0.6,..,..,"12,622.3",31.9,..,..,"39,516.0",..,..,"882,055.0",99.1,99.6,99.7,"41,290.4","6,203.7",2.6,3.4,3.0,"2,231,010.0",0.6,26.2,0.6,0.2,100.0,"3,880.0",..,"1,660.0",..,..,..,"4,670,853,714.7",0.6
République arabe syrienne,..,..,2.4,"139,210.0",75.8,"4,662,000.0",0.3,25.4,"1,422,088.0",5.8,..,..,"5,220.8",2.8,..,..,"183,630.0",..,..,"1,713,213.0",92.1,94.4,97.9,"185,180.0","1,204.7",7.2,11.2,10.7,"7,767,278.0",-2.3,45.8,..,..,69.5,"3,810.0",..,"2,640.0",..,..,..,"8,377,281,515.4",39.0
Tadjikistan,..,..,17.6,"47,277.0",34.1,"701,800.0",0.1,5.1,"357,993.0",1.1,..,..,"4,218.0",3.0,..,..,"138,790.0",..,..,"1,218,840.0",112.4,111.3,108.9,"141,380.0","3,404.6",61.2,36.3,45.8,"6,631,423.0",2.2,72.9,2.5,16.0,99.3,"4,560.0",..,"1,860.0",..,..,..,"1,535,295,917.5",19.8
Tanzanie,..,..,15.9,"396,500.0",44.8,"13,500,000.0",0.2,15.2,"6,570,362.0",2.4,..,..,"466,830.0",52.7,..,..,"885,800.0",..,..,"10,304,518.0",91.4,92.1,97.6,"947,300.0","1,568.3",67.4,64.0,65.7,"37,293,015.0",1.9,66.2,1.4,1.2,18.0,"36,030.0",..,"22,200.0",..,..,..,"15,886,136,668.9",27.9
Thaïlande,..,754.6,148.9,"221,100.0",43.3,"16,810,000.0",0.2,32.9,"11,745,384.0",8.8,..,..,"199,450.0",39.0,..,..,"510,890.0",..,..,"37,564,640.0",106.9,106.5,103.7,"513,120.0","3,198.2",29.2,34.6,32.1,"34,749,636.0",-1.2,50.1,1.6,4.0,99.7,"51,420.0",..,"17,400.0",..,..,..,"41,459,539,092.9",8.2
Timor-Leste,..,..,..,"3,800.0",25.6,"155,000.0",0.1,10.4,"73,659.0",5.0,..,..,"9,239.0",62.1,..,..,"14,870.0",..,..,"188,212.0",96.9,101.3,104.3,"14,870.0","2,555.2",40.0,41.0,40.5,"880,254.0",1.4,69.4,..,..,84.3,700.0,..,240.0,..,..,..,"276,259,400.0",17.4
Togo,..,..,5.8,"38,200.0",70.2,"2,650,000.0",0.3,48.7,"1,168,582.0",3.1,..,..,"12,151.9",22.3,..,..,"54,390.0",..,..,"1,338,743.0",106.5,104.7,100.7,"56,790.0","1,145.6",27.6,38.6,33.1,"4,599,185.0",1.5,58.3,1.6,11.8,26.3,"1,460.0",..,"1,490.0",..,..,..,"1,453,768,562.8",20.4
Tonga,..,..,8.4,350.0,48.6,"20,000.0",0.2,27.8,..,15.3,..,..,89.5,12.4,..,..,720.0,..,..,..,102.6,102.4,100.8,750.0,..,1.6,31.4,19.9,"79,328.0",1.2,76.9,..,..,98.9,60.0,..,20.0,..,..,..,"83,503,783.4",17.1
Trinité-et-Tobago,..,1.4,364.0,540.0,10.5,"25,000.0",0.0,4.9,"1,694.0",4.3,..,..,"2,290.3",44.6,..,..,"5,130.0",..,..,"3,367.0",101.6,107.7,110.0,"5,130.0","1,987.2",1.4,4.4,3.1,"650,668.0",0.5,46.8,..,..,100.0,90.0,..,210.0,..,..,..,"246,115,673.2",1.0
Tunisie,..,18.9,44.2,"97,430.0",62.7,"2,607,000.0",0.2,16.8,"1,583,354.0",15.4,..,..,"6,996.7",4.5,..,..,"155,360.0",..,..,"2,262,377.0",101.8,101.4,100.3,"163,610.0","1,428.9",9.4,15.8,14.3,"3,591,574.0",0.2,31.1,1.8,0.5,99.6,"2,160.0",..,"2,410.0",..,..,..,"4,221,008,711.0",9.9
Turquie,..,149.4,109.7,"378,020.0",49.1,"19,723,000.0",0.2,25.6,"10,871,307.0",4.5,..,..,"219,083.6",28.5,13.8,..,"769,630.0",..,..,"34,395,628.0",106.8,105.6,103.3,"785,350.0","3,163.9",26.0,14.9,18.4,"20,467,276.0",-0.5,24.9,2.6,0.5,100.0,"22,480.0",..,"27,110.0",..,..,..,"44,964,632,176.3",5.8
Turkménistan,..,..,..,"338,380.0",72.0,"1,940,000.0",0.3,4.1,"1,112,516.0",0.1,..,..,"41,270.0",8.8,..,..,"469,930.0",..,..,"1,188,969.0",92.5,93.3,94.3,"488,100.0","1,068.7",19.7,23.1,21.7,"2,832,246.0",0.7,48.4,..,..,100.0,"6,460.0",..,"2,760.0",..,..,..,"4,501,142,857.1",11.0
Îles Turques-et-Caïques,..,..,..,10.0,1.1,"1,000.0",0.0,1.1,..,..,..,..,105.2,11.1,..,..,950.0,..,..,..,..,..,..,950.0,..,..,..,..,"2,600.0",-2.5,6.9,..,..,100.0,..,..,..,..,..,..,"4,351,000.0",0.4
